"Hemidactylium20001","Pseudoeurycea_rex_CEA","S._marginatus_CEA","G._porph_danielsi_ABS010","P._m._diastictus_KY_71757","P._ruber_VA_KHK585","E._multiplicata_CEA","E._quad_MS_KHK192","E._tonkawae_NEW","E._lucifuga_TN_KHK698","E._longicauda_KY_KHK388","E._gutt_NC_KHK330","E._wild_cirr_E_KHK71203","E._cirrigera_D_KHK419","E._bislineata_A","E._cirrigera_C_KHK245","E._aquatica_61299","E._junaluska_KHK8.280","E._wild_cirr_J_KHK8.234","E._cirrigera_L_KHK174","E._wilderae_M_KHK8.95","P_elongatus","P_serratus","P_hoffmani","P_virginia","P_cinereus","P_shenandoah","P_electromorphus","P_richmondi","P_nettingi","P_hubrichti","P_websteri","P_wehrlei","P_punctatus","P_welleri","P_angusticlavius","P_ventralis","P_dorsalis","P_yonahlossee","P_kentucki","P_petraeus","P_metcalfi","P_jordani","P_caddoensis","P_montanus","P_amplus","P_meridianus","P_shermani","P_chattahoochee","P_cheoah","P_chlorobryonis","P_variolatus","P_teyahalee","P_cylindraceus","P_aureolus","P_glutinosus","P_mississippi","P_kiamichi","P_sequoyah","P_albagula","P_grobmani","P_kisatchie","P_savannah","P_ocmulgee","Hydromantes_shastae","EnsatinaTWR569_CEA","Aneides_aeneus","Aneides_hardii","Phaeognathus_hubritchti","D._wrighti_KHK73","D._wrighti_KHK310","D._aeneus_KHK51","D._quad_D_KHK499","D._folkertsi_KHK340","D._quad_A_KHK52","D._imitator_KHK05","D._ocoee_A_KHK01","D._ocoee_B_KHK62","D._ocoee_D_KHK53","D._ocoee_C_KHK56","D._orestes_KHK129","D._ochrophaeus_WKS05","D._welteri_KHK414","D._fuscus_B_KHK570","D._fuscus_A_RMB513","D._apalachicolae_KHK157","D._monticola_A","D._monticola_B","D._ocoee_E_KHK31","D._ocoee_F_KHK22","D._ocoee_G_RMB268","D._brimleyorum","D._carolinensis_KHK103","D._conanti_A_8399","D._santeetlah_11775","D._conanti_D_KHK227"
0,111.895634,111.895634,111.895634,111.895634,111.895634,111.895634,111.895634,111.895634,111.895634,111.895634,111.895634,111.895634,111.895634,111.895634,111.895634,111.895634,111.895634,111.895634,111.895633,111.895633,122.000001,122.000001,122.000001,122.000001,122.000001,122.000001,122.000001,122.000001,122.000002,122.000002,122.000001,122.000001,122.000001,122.000002,122.000001,122.000001,122.000001,122.000001,122.000002,122.000002,122.000002,122.000002,122.000003,122.000002,122.000002,122.000002,122.000002,122.000002,122.000002,122.000002,122.000002,122.000002,122.000002,122.000003,122.000003,122.000003,122.000003,122.000003,122.000003,122.000003,122.000004,122.000004,122.000004,122,121.999999,121.999999,121.999999,122,122,122,122,121.999999,121.999999,121.999999,122,122,122,122,122,122,122,122,122,122,122,122,122,122.000001,122.000001,122.000001,122,122,122,122,122.000001
111.895634,0,99.292924,99.292924,99.292924,99.292924,99.292924,99.292924,99.292924,99.292924,99.292924,99.292924,99.292924,99.292924,99.292924,99.292924,99.292924,99.292924,99.292924,99.292923,99.292923,122.000001,122.000001,122.000001,122.000001,122.000001,122.000001,122.000001,122.000001,122.000002,122.000002,122.000001,122.000001,122.000001,122.000002,122.000001,122.000001,122.000001,122.000001,122.000002,122.000002,122.000002,122.000002,122.000003,122.000002,122.000002,122.000002,122.000002,122.000002,122.000002,122.000002,122.000002,122.000002,122.000002,122.000003,122.000003,122.000003,122.000003,122.000003,122.000003,122.000003,122.000004,122.000004,122.000004,122,121.999999,121.999999,121.999999,122,122,122,122,121.999999,121.999999,121.999999,122,122,122,122,122,122,122,122,122,122,122,122,122,122.000001,122.000001,122.000001,122,122,122,122,122.000001
111.895634,99.292924,0,41.423326,46.636124,46.636124,75.140532,75.140532,75.140532,75.140532,75.140532,75.140532,75.140532,75.140532,75.140532,75.140532,75.140532,75.140532,75.140532,75.140531,75.140531,122.000001,122.000001,122.000001,122.000001,122.000001,122.000001,122.000001,122.000001,122.000002,122.000002,122.000001,122.000001,122.000001,122.000002,122.000001,122.000001,122.000001,122.000001,122.000002,122.000002,122.000002,122.000002,122.000003,122.000002,122.000002,122.000002,122.000002,122.000002,122.000002,122.000002,122.000002,122.000002,122.000002,122.000003,122.000003,122.000003,122.000003,122.000003,122.000003,122.000003,122.000004,122.000004,122.000004,122,121.999999,121.999999,121.999999,122,122,122,122,121.999999,121.999999,121.999999,122,122,122,122,122,122,122,122,122,122,122,122,122,122.000001,122.000001,122.000001,122,122,122,122,122.000001
111.895634,99.292924,41.423326,0,46.636124,46.636124,75.140532,75.140532,75.140532,75.140532,75.140532,75.140532,75.140532,75.140532,75.140532,75.140532,75.140532,75.140532,75.140532,75.140531,75.140531,122.000001,122.000001,122.000001,122.000001,122.000001,122.000001,122.000001,122.000001,122.000002,122.000002,122.000001,122.000001,122.000001,122.000002,122.000001,122.000001,122.000001,122.000001,122.000002,122.000002,122.000002,122.000002,122.000003,122.000002,122.000002,122.000002,122.000002,122.000002,122.000002,122.000002,122.000002,122.000002,122.000002,122.000003,122.000003,122.000003,122.000003,122.000003,122.000003,122.000003,122.000004,122.000004,122.000004,122,121.999999,121.999999,121.999999,122,122,122,122,121.999999,121.999999,121.999999,122,122,122,122,122,122,122,122,122,122,122,122,122,122.000001,122.000001,122.000001,122,122,122,122,122.000001
111.895634,99.292924,46.636124,46.636124,0,41.932148,75.140532,75.140532,75.140532,75.140532,75.140532,75.140532,75.140532,75.140532,75.140532,75.140532,75.140532,75.140532,75.140532,75.140531,75.140531,122.000001,122.000001,122.000001,122.000001,122.000001,122.000001,122.000001,122.000001,122.000002,122.000002,122.000001,122.000001,122.000001,122.000002,122.000001,122.000001,122.000001,122.000001,122.000002,122.000002,122.000002,122.000002,122.000003,122.000002,122.000002,122.000002,122.000002,122.000002,122.000002,122.000002,122.000002,122.000002,122.000002,122.000003,122.000003,122.000003,122.000003,122.000003,122.000003,122.000003,122.000004,122.000004,122.000004,122,121.999999,121.999999,121.999999,122,122,122,122,121.999999,121.999999,121.999999,122,122,122,122,122,122,122,122,122,122,122,122,122,122.000001,122.000001,122.000001,122,122,122,122,122.000001
111.895634,99.292924,46.636124,46.636124,41.932148,0,75.140532,75.140532,75.140532,75.140532,75.140532,75.140532,75.140532,75.140532,75.140532,75.140532,75.140532,75.140532,75.140532,75.140531,75.140531,122.000001,122.000001,122.000001,122.000001,122.000001,122.000001,122.000001,122.000001,122.000002,122.000002,122.000001,122.000001,122.000001,122.000002,122.000001,122.000001,122.000001,122.000001,122.000002,122.000002,122.000002,122.000002,122.000003,122.000002,122.000002,122.000002,122.000002,122.000002,122.000002,122.000002,122.000002,122.000002,122.000002,122.000003,122.000003,122.000003,122.000003,122.000003,122.000003,122.000003,122.000004,122.000004,122.000004,122,121.999999,121.999999,121.999999,122,122,122,122,121.999999,121.999999,121.999999,122,122,122,122,122,122,122,122,122,122,122,122,122,122.000001,122.000001,122.000001,122,122,122,122,122.000001
111.895634,99.292924,75.140532,75.140532,75.140532,75.140532,0,45.167018,45.167018,45.167018,45.167018,45.167018,45.167018,45.167018,45.167018,45.167018,45.167018,45.167018,45.167018,45.167017,45.167017,122.000001,122.000001,122.000001,122.000001,122.000001,122.000001,122.000001,122.000001,122.000002,122.000002,122.000001,122.000001,122.000001,122.000002,122.000001,122.000001,122.000001,122.000001,122.000002,122.000002,122.000002,122.000002,122.000003,122.000002,122.000002,122.000002,122.000002,122.000002,122.000002,122.000002,122.000002,122.000002,122.000002,122.000003,122.000003,122.000003,122.000003,122.000003,122.000003,122.000003,122.000004,122.000004,122.000004,122,121.999999,121.999999,121.999999,122,122,122,122,121.999999,121.999999,121.999999,122,122,122,122,122,122,122,122,122,122,122,122,122,122.000001,122.000001,122.000001,122,122,122,122,122.000001
111.895634,99.292924,75.140532,75.140532,75.140532,75.140532,45.167018,0,31.024628,39.61364,39.61364,39.61364,39.61364,39.61364,39.61364,39.61364,39.61364,39.61364,39.61364,39.613639,39.613639,122.000001,122.000001,122.000001,122.000001,122.000001,122.000001,122.000001,122.000001,122.000002,122.000002,122.000001,122.000001,122.000001,122.000002,122.000001,122.000001,122.000001,122.000001,122.000002,122.000002,122.000002,122.000002,122.000003,122.000002,122.000002,122.000002,122.000002,122.000002,122.000002,122.000002,122.000002,122.000002,122.000002,122.000003,122.000003,122.000003,122.000003,122.000003,122.000003,122.000003,122.000004,122.000004,122.000004,122,121.999999,121.999999,121.999999,122,122,122,122,121.999999,121.999999,121.999999,122,122,122,122,122,122,122,122,122,122,122,122,122,122.000001,122.000001,122.000001,122,122,122,122,122.000001
111.895634,99.292924,75.140532,75.140532,75.140532,75.140532,45.167018,31.024628,0,39.61364,39.61364,39.61364,39.61364,39.61364,39.61364,39.61364,39.61364,39.61364,39.61364,39.613639,39.613639,122.000001,122.000001,122.000001,122.000001,122.000001,122.000001,122.000001,122.000001,122.000002,122.000002,122.000001,122.000001,122.000001,122.000002,122.000001,122.000001,122.000001,122.000001,122.000002,122.000002,122.000002,122.000002,122.000003,122.000002,122.000002,122.000002,122.000002,122.000002,122.000002,122.000002,122.000002,122.000002,122.000002,122.000003,122.000003,122.000003,122.000003,122.000003,122.000003,122.000003,122.000004,122.000004,122.000004,122,121.999999,121.999999,121.999999,122,122,122,122,121.999999,121.999999,121.999999,122,122,122,122,122,122,122,122,122,122,122,122,122,122.000001,122.000001,122.000001,122,122,122,122,122.000001
111.895634,99.292924,75.140532,75.140532,75.140532,75.140532,45.167018,39.61364,39.61364,0,18.927886,18.927886,35.834476,35.834476,35.834476,35.834476,35.834476,35.834476,35.834476,35.834475,35.834475,122.000001,122.000001,122.000001,122.000001,122.000001,122.000001,122.000001,122.000001,122.000002,122.000002,122.000001,122.000001,122.000001,122.000002,122.000001,122.000001,122.000001,122.000001,122.000002,122.000002,122.000002,122.000002,122.000003,122.000002,122.000002,122.000002,122.000002,122.000002,122.000002,122.000002,122.000002,122.000002,122.000002,122.000003,122.000003,122.000003,122.000003,122.000003,122.000003,122.000003,122.000004,122.000004,122.000004,122,121.999999,121.999999,121.999999,122,122,122,122,121.999999,121.999999,121.999999,122,122,122,122,122,122,122,122,122,122,122,122,122,122.000001,122.000001,122.000001,122,122,122,122,122.000001
111.895634,99.292924,75.140532,75.140532,75.140532,75.140532,45.167018,39.61364,39.61364,18.927886,0,14.508736,35.834476,35.834476,35.834476,35.834476,35.834476,35.834476,35.834476,35.834475,35.834475,122.000001,122.000001,122.000001,122.000001,122.000001,122.000001,122.000001,122.000001,122.000002,122.000002,122.000001,122.000001,122.000001,122.000002,122.000001,122.000001,122.000001,122.000001,122.000002,122.000002,122.000002,122.000002,122.000003,122.000002,122.000002,122.000002,122.000002,122.000002,122.000002,122.000002,122.000002,122.000002,122.000002,122.000003,122.000003,122.000003,122.000003,122.000003,122.000003,122.000003,122.000004,122.000004,122.000004,122,121.999999,121.999999,121.999999,122,122,122,122,121.999999,121.999999,121.999999,122,122,122,122,122,122,122,122,122,122,122,122,122,122.000001,122.000001,122.000001,122,122,122,122,122.000001
111.895634,99.292924,75.140532,75.140532,75.140532,75.140532,45.167018,39.61364,39.61364,18.927886,14.508736,0,35.834476,35.834476,35.834476,35.834476,35.834476,35.834476,35.834476,35.834475,35.834475,122.000001,122.000001,122.000001,122.000001,122.000001,122.000001,122.000001,122.000001,122.000002,122.000002,122.000001,122.000001,122.000001,122.000002,122.000001,122.000001,122.000001,122.000001,122.000002,122.000002,122.000002,122.000002,122.000003,122.000002,122.000002,122.000002,122.000002,122.000002,122.000002,122.000002,122.000002,122.000002,122.000002,122.000003,122.000003,122.000003,122.000003,122.000003,122.000003,122.000003,122.000004,122.000004,122.000004,122,121.999999,121.999999,121.999999,122,122,122,122,121.999999,121.999999,121.999999,122,122,122,122,122,122,122,122,122,122,122,122,122,122.000001,122.000001,122.000001,122,122,122,122,122.000001
111.895634,99.292924,75.140532,75.140532,75.140532,75.140532,45.167018,39.61364,39.61364,35.834476,35.834476,35.834476,0,15.575078,21.110328,21.110328,25.699568,25.699568,25.699568,25.699567,25.699567,122.000001,122.000001,122.000001,122.000001,122.000001,122.000001,122.000001,122.000001,122.000002,122.000002,122.000001,122.000001,122.000001,122.000002,122.000001,122.000001,122.000001,122.000001,122.000002,122.000002,122.000002,122.000002,122.000003,122.000002,122.000002,122.000002,122.000002,122.000002,122.000002,122.000002,122.000002,122.000002,122.000002,122.000003,122.000003,122.000003,122.000003,122.000003,122.000003,122.000003,122.000004,122.000004,122.000004,122,121.999999,121.999999,121.999999,122,122,122,122,121.999999,121.999999,121.999999,122,122,122,122,122,122,122,122,122,122,122,122,122,122.000001,122.000001,122.000001,122,122,122,122,122.000001
111.895634,99.292924,75.140532,75.140532,75.140532,75.140532,45.167018,39.61364,39.61364,35.834476,35.834476,35.834476,15.575078,0,21.110328,21.110328,25.699568,25.699568,25.699568,25.699567,25.699567,122.000001,122.000001,122.000001,122.000001,122.000001,122.000001,122.000001,122.000001,122.000002,122.000002,122.000001,122.000001,122.000001,122.000002,122.000001,122.000001,122.000001,122.000001,122.000002,122.000002,122.000002,122.000002,122.000003,122.000002,122.000002,122.000002,122.000002,122.000002,122.000002,122.000002,122.000002,122.000002,122.000002,122.000003,122.000003,122.000003,122.000003,122.000003,122.000003,122.000003,122.000004,122.000004,122.000004,122,121.999999,121.999999,121.999999,122,122,122,122,121.999999,121.999999,121.999999,122,122,122,122,122,122,122,122,122,122,122,122,122,122.000001,122.000001,122.000001,122,122,122,122,122.000001
111.895634,99.292924,75.140532,75.140532,75.140532,75.140532,45.167018,39.61364,39.61364,35.834476,35.834476,35.834476,21.110328,21.110328,0,17.412276,25.699568,25.699568,25.699568,25.699567,25.699567,122.000001,122.000001,122.000001,122.000001,122.000001,122.000001,122.000001,122.000001,122.000002,122.000002,122.000001,122.000001,122.000001,122.000002,122.000001,122.000001,122.000001,122.000001,122.000002,122.000002,122.000002,122.000002,122.000003,122.000002,122.000002,122.000002,122.000002,122.000002,122.000002,122.000002,122.000002,122.000002,122.000002,122.000003,122.000003,122.000003,122.000003,122.000003,122.000003,122.000003,122.000004,122.000004,122.000004,122,121.999999,121.999999,121.999999,122,122,122,122,121.999999,121.999999,121.999999,122,122,122,122,122,122,122,122,122,122,122,122,122,122.000001,122.000001,122.000001,122,122,122,122,122.000001
111.895634,99.292924,75.140532,75.140532,75.140532,75.140532,45.167018,39.61364,39.61364,35.834476,35.834476,35.834476,21.110328,21.110328,17.412276,0,25.699568,25.699568,25.699568,25.699567,25.699567,122.000001,122.000001,122.000001,122.000001,122.000001,122.000001,122.000001,122.000001,122.000002,122.000002,122.000001,122.000001,122.000001,122.000002,122.000001,122.000001,122.000001,122.000001,122.000002,122.000002,122.000002,122.000002,122.000003,122.000002,122.000002,122.000002,122.000002,122.000002,122.000002,122.000002,122.000002,122.000002,122.000002,122.000003,122.000003,122.000003,122.000003,122.000003,122.000003,122.000003,122.000004,122.000004,122.000004,122,121.999999,121.999999,121.999999,122,122,122,122,121.999999,121.999999,121.999999,122,122,122,122,122,122,122,122,122,122,122,122,122,122.000001,122.000001,122.000001,122,122,122,122,122.000001
111.895634,99.292924,75.140532,75.140532,75.140532,75.140532,45.167018,39.61364,39.61364,35.834476,35.834476,35.834476,25.699568,25.699568,25.699568,25.699568,0,11.618482,15.42774,15.427739,15.427739,122.000001,122.000001,122.000001,122.000001,122.000001,122.000001,122.000001,122.000001,122.000002,122.000002,122.000001,122.000001,122.000001,122.000002,122.000001,122.000001,122.000001,122.000001,122.000002,122.000002,122.000002,122.000002,122.000003,122.000002,122.000002,122.000002,122.000002,122.000002,122.000002,122.000002,122.000002,122.000002,122.000002,122.000003,122.000003,122.000003,122.000003,122.000003,122.000003,122.000003,122.000004,122.000004,122.000004,122,121.999999,121.999999,121.999999,122,122,122,122,121.999999,121.999999,121.999999,122,122,122,122,122,122,122,122,122,122,122,122,122,122.000001,122.000001,122.000001,122,122,122,122,122.000001
111.895634,99.292924,75.140532,75.140532,75.140532,75.140532,45.167018,39.61364,39.61364,35.834476,35.834476,35.834476,25.699568,25.699568,25.699568,25.699568,11.618482,0,15.42774,15.427739,15.427739,122.000001,122.000001,122.000001,122.000001,122.000001,122.000001,122.000001,122.000001,122.000002,122.000002,122.000001,122.000001,122.000001,122.000002,122.000001,122.000001,122.000001,122.000001,122.000002,122.000002,122.000002,122.000002,122.000003,122.000002,122.000002,122.000002,122.000002,122.000002,122.000002,122.000002,122.000002,122.000002,122.000002,122.000003,122.000003,122.000003,122.000003,122.000003,122.000003,122.000003,122.000004,122.000004,122.000004,122,121.999999,121.999999,121.999999,122,122,122,122,121.999999,121.999999,121.999999,122,122,122,122,122,122,122,122,122,122,122,122,122,122.000001,122.000001,122.000001,122,122,122,122,122.000001
111.895634,99.292924,75.140532,75.140532,75.140532,75.140532,45.167018,39.61364,39.61364,35.834476,35.834476,35.834476,25.699568,25.699568,25.699568,25.699568,15.42774,15.42774,0,8.828979,8.828979,122.000001,122.000001,122.000001,122.000001,122.000001,122.000001,122.000001,122.000001,122.000002,122.000002,122.000001,122.000001,122.000001,122.000002,122.000001,122.000001,122.000001,122.000001,122.000002,122.000002,122.000002,122.000002,122.000003,122.000002,122.000002,122.000002,122.000002,122.000002,122.000002,122.000002,122.000002,122.000002,122.000002,122.000003,122.000003,122.000003,122.000003,122.000003,122.000003,122.000003,122.000004,122.000004,122.000004,122,121.999999,121.999999,121.999999,122,122,122,122,121.999999,121.999999,121.999999,122,122,122,122,122,122,122,122,122,122,122,122,122,122.000001,122.000001,122.000001,122,122,122,122,122.000001
111.895633,99.292923,75.140531,75.140531,75.140531,75.140531,45.167017,39.613639,39.613639,35.834475,35.834475,35.834475,25.699567,25.699567,25.699567,25.699567,15.427739,15.427739,8.828979,0,5.559696,122,122,122,122,122,122,122,122,122.000001,122.000001,122,122,122,122.000001,122,122,122,122,122.000001,122.000001,122.000001,122.000001,122.000002,122.000001,122.000001,122.000001,122.000001,122.000001,122.000001,122.000001,122.000001,122.000001,122.000001,122.000002,122.000002,122.000002,122.000002,122.000002,122.000002,122.000002,122.000003,122.000003,122.000003,121.999999,121.999998,121.999998,121.999998,121.999999,121.999999,121.999999,121.999999,121.999998,121.999998,121.999998,121.999999,121.999999,121.999999,121.999999,121.999999,121.999999,121.999999,121.999999,121.999999,121.999999,121.999999,121.999999,121.999999,122,122,122,121.999999,121.999999,121.999999,121.999999,122
111.895633,99.292923,75.140531,75.140531,75.140531,75.140531,45.167017,39.613639,39.613639,35.834475,35.834475,35.834475,25.699567,25.699567,25.699567,25.699567,15.427739,15.427739,8.828979,5.559696,0,122,122,122,122,122,122,122,122,122.000001,122.000001,122,122,122,122.000001,122,122,122,122,122.000001,122.000001,122.000001,122.000001,122.000002,122.000001,122.000001,122.000001,122.000001,122.000001,122.000001,122.000001,122.000001,122.000001,122.000001,122.000002,122.000002,122.000002,122.000002,122.000002,122.000002,122.000002,122.000003,122.000003,122.000003,121.999999,121.999998,121.999998,121.999998,121.999999,121.999999,121.999999,121.999999,121.999998,121.999998,121.999998,121.999999,121.999999,121.999999,121.999999,121.999999,121.999999,121.999999,121.999999,121.999999,121.999999,121.999999,121.999999,121.999999,122,122,122,121.999999,121.999999,121.999999,121.999999,122
122.000001,122.000001,122.000001,122.000001,122.000001,122.000001,122.000001,122.000001,122.000001,122.000001,122.000001,122.000001,122.000001,122.000001,122.000001,122.000001,122.000001,122.000001,122.000001,122,122,0,83.807052,83.807052,83.807052,83.807052,83.807052,83.807052,83.807052,83.807053,83.807053,83.807052,83.807052,83.807052,83.807053,83.807052,83.807052,83.807052,83.807052,83.807053,83.807053,83.807053,83.807053,83.807054,83.807053,83.807053,83.807053,83.807053,83.807053,83.807053,83.807053,83.807053,83.807053,83.807053,83.807054,83.807054,83.807054,83.807054,83.807054,83.807054,83.807054,83.807055,83.807055,83.807055,96.273625,96.273624,96.273624,96.273624,96.273625,96.273625,96.273625,96.273625,96.273624,96.273624,96.273624,96.273625,96.273625,96.273625,96.273625,96.273625,96.273625,96.273625,96.273625,96.273625,96.273625,96.273625,96.273625,96.273625,96.273626,96.273626,96.273626,96.273625,96.273625,96.273625,96.273625,96.273626
122.000001,122.000001,122.000001,122.000001,122.000001,122.000001,122.000001,122.000001,122.000001,122.000001,122.000001,122.000001,122.000001,122.000001,122.000001,122.000001,122.000001,122.000001,122.000001,122,122,83.807052,0,36.013116,36.013116,36.013116,36.013116,36.013116,36.013116,36.013117,36.013117,54.17905,54.17905,54.17905,54.179051,54.17905,54.17905,54.17905,54.17905,54.179051,54.179051,54.179051,54.179051,54.179052,54.179051,54.179051,54.179051,54.179051,54.179051,54.179051,54.179051,54.179051,54.179051,54.179051,54.179052,54.179052,54.179052,54.179052,54.179052,54.179052,54.179052,54.179053,54.179053,54.179053,96.273625,96.273624,96.273624,96.273624,96.273625,96.273625,96.273625,96.273625,96.273624,96.273624,96.273624,96.273625,96.273625,96.273625,96.273625,96.273625,96.273625,96.273625,96.273625,96.273625,96.273625,96.273625,96.273625,96.273625,96.273626,96.273626,96.273626,96.273625,96.273625,96.273625,96.273625,96.273626
122.000001,122.000001,122.000001,122.000001,122.000001,122.000001,122.000001,122.000001,122.000001,122.000001,122.000001,122.000001,122.000001,122.000001,122.000001,122.000001,122.000001,122.000001,122.000001,122,122,83.807052,36.013116,0,9.85869,23.76667,23.76667,23.76667,23.76667,23.766671,23.766671,54.17905,54.17905,54.17905,54.179051,54.17905,54.17905,54.17905,54.17905,54.179051,54.179051,54.179051,54.179051,54.179052,54.179051,54.179051,54.179051,54.179051,54.179051,54.179051,54.179051,54.179051,54.179051,54.179051,54.179052,54.179052,54.179052,54.179052,54.179052,54.179052,54.179052,54.179053,54.179053,54.179053,96.273625,96.273624,96.273624,96.273624,96.273625,96.273625,96.273625,96.273625,96.273624,96.273624,96.273624,96.273625,96.273625,96.273625,96.273625,96.273625,96.273625,96.273625,96.273625,96.273625,96.273625,96.273625,96.273625,96.273625,96.273626,96.273626,96.273626,96.273625,96.273625,96.273625,96.273625,96.273626
122.000001,122.000001,122.000001,122.000001,122.000001,122.000001,122.000001,122.000001,122.000001,122.000001,122.000001,122.000001,122.000001,122.000001,122.000001,122.000001,122.000001,122.000001,122.000001,122,122,83.807052,36.013116,9.85869,0,23.76667,23.76667,23.76667,23.76667,23.766671,23.766671,54.17905,54.17905,54.17905,54.179051,54.17905,54.17905,54.17905,54.17905,54.179051,54.179051,54.179051,54.179051,54.179052,54.179051,54.179051,54.179051,54.179051,54.179051,54.179051,54.179051,54.179051,54.179051,54.179051,54.179052,54.179052,54.179052,54.179052,54.179052,54.179052,54.179052,54.179053,54.179053,54.179053,96.273625,96.273624,96.273624,96.273624,96.273625,96.273625,96.273625,96.273625,96.273624,96.273624,96.273624,96.273625,96.273625,96.273625,96.273625,96.273625,96.273625,96.273625,96.273625,96.273625,96.273625,96.273625,96.273625,96.273625,96.273626,96.273626,96.273626,96.273625,96.273625,96.273625,96.273625,96.273626
122.000001,122.000001,122.000001,122.000001,122.000001,122.000001,122.000001,122.000001,122.000001,122.000001,122.000001,122.000001,122.000001,122.000001,122.000001,122.000001,122.000001,122.000001,122.000001,122,122,83.807052,36.013116,23.76667,23.76667,0,14.259798,22.049492,22.049492,22.049493,22.049493,54.17905,54.17905,54.17905,54.179051,54.17905,54.17905,54.17905,54.17905,54.179051,54.179051,54.179051,54.179051,54.179052,54.179051,54.179051,54.179051,54.179051,54.179051,54.179051,54.179051,54.179051,54.179051,54.179051,54.179052,54.179052,54.179052,54.179052,54.179052,54.179052,54.179052,54.179053,54.179053,54.179053,96.273625,96.273624,96.273624,96.273624,96.273625,96.273625,96.273625,96.273625,96.273624,96.273624,96.273624,96.273625,96.273625,96.273625,96.273625,96.273625,96.273625,96.273625,96.273625,96.273625,96.273625,96.273625,96.273625,96.273625,96.273626,96.273626,96.273626,96.273625,96.273625,96.273625,96.273625,96.273626
122.000001,122.000001,122.000001,122.000001,122.000001,122.000001,122.000001,122.000001,122.000001,122.000001,122.000001,122.000001,122.000001,122.000001,122.000001,122.000001,122.000001,122.000001,122.000001,122,122,83.807052,36.013116,23.76667,23.76667,14.259798,0,22.049492,22.049492,22.049493,22.049493,54.17905,54.17905,54.17905,54.179051,54.17905,54.17905,54.17905,54.17905,54.179051,54.179051,54.179051,54.179051,54.179052,54.179051,54.179051,54.179051,54.179051,54.179051,54.179051,54.179051,54.179051,54.179051,54.179051,54.179052,54.179052,54.179052,54.179052,54.179052,54.179052,54.179052,54.179053,54.179053,54.179053,96.273625,96.273624,96.273624,96.273624,96.273625,96.273625,96.273625,96.273625,96.273624,96.273624,96.273624,96.273625,96.273625,96.273625,96.273625,96.273625,96.273625,96.273625,96.273625,96.273625,96.273625,96.273625,96.273625,96.273625,96.273626,96.273626,96.273626,96.273625,96.273625,96.273625,96.273625,96.273626
122.000001,122.000001,122.000001,122.000001,122.000001,122.000001,122.000001,122.000001,122.000001,122.000001,122.000001,122.000001,122.000001,122.000001,122.000001,122.000001,122.000001,122.000001,122.000001,122,122,83.807052,36.013116,23.76667,23.76667,22.049492,22.049492,0,10.345974,14.972019,14.972019,54.17905,54.17905,54.17905,54.179051,54.17905,54.17905,54.17905,54.17905,54.179051,54.179051,54.179051,54.179051,54.179052,54.179051,54.179051,54.179051,54.179051,54.179051,54.179051,54.179051,54.179051,54.179051,54.179051,54.179052,54.179052,54.179052,54.179052,54.179052,54.179052,54.179052,54.179053,54.179053,54.179053,96.273625,96.273624,96.273624,96.273624,96.273625,96.273625,96.273625,96.273625,96.273624,96.273624,96.273624,96.273625,96.273625,96.273625,96.273625,96.273625,96.273625,96.273625,96.273625,96.273625,96.273625,96.273625,96.273625,96.273625,96.273626,96.273626,96.273626,96.273625,96.273625,96.273625,96.273625,96.273626
122.000001,122.000001,122.000001,122.000001,122.000001,122.000001,122.000001,122.000001,122.000001,122.000001,122.000001,122.000001,122.000001,122.000001,122.000001,122.000001,122.000001,122.000001,122.000001,122,122,83.807052,36.013116,23.76667,23.76667,22.049492,22.049492,10.345974,0,14.972019,14.972019,54.17905,54.17905,54.17905,54.179051,54.17905,54.17905,54.17905,54.17905,54.179051,54.179051,54.179051,54.179051,54.179052,54.179051,54.179051,54.179051,54.179051,54.179051,54.179051,54.179051,54.179051,54.179051,54.179051,54.179052,54.179052,54.179052,54.179052,54.179052,54.179052,54.179052,54.179053,54.179053,54.179053,96.273625,96.273624,96.273624,96.273624,96.273625,96.273625,96.273625,96.273625,96.273624,96.273624,96.273624,96.273625,96.273625,96.273625,96.273625,96.273625,96.273625,96.273625,96.273625,96.273625,96.273625,96.273625,96.273625,96.273625,96.273626,96.273626,96.273626,96.273625,96.273625,96.273625,96.273625,96.273626
122.000002,122.000002,122.000002,122.000002,122.000002,122.000002,122.000002,122.000002,122.000002,122.000002,122.000002,122.000002,122.000002,122.000002,122.000002,122.000002,122.000002,122.000002,122.000002,122.000001,122.000001,83.807053,36.013117,23.766671,23.766671,22.049493,22.049493,14.972019,14.972019,0,13.026918,54.179051,54.179051,54.179051,54.179052,54.179051,54.179051,54.179051,54.179051,54.179052,54.179052,54.179052,54.179052,54.179053,54.179052,54.179052,54.179052,54.179052,54.179052,54.179052,54.179052,54.179052,54.179052,54.179052,54.179053,54.179053,54.179053,54.179053,54.179053,54.179053,54.179053,54.179054,54.179054,54.179054,96.273626,96.273625,96.273625,96.273625,96.273626,96.273626,96.273626,96.273626,96.273625,96.273625,96.273625,96.273626,96.273626,96.273626,96.273626,96.273626,96.273626,96.273626,96.273626,96.273626,96.273626,96.273626,96.273626,96.273626,96.273627,96.273627,96.273627,96.273626,96.273626,96.273626,96.273626,96.273627
122.000002,122.000002,122.000002,122.000002,122.000002,122.000002,122.000002,122.000002,122.000002,122.000002,122.000002,122.000002,122.000002,122.000002,122.000002,122.000002,122.000002,122.000002,122.000002,122.000001,122.000001,83.807053,36.013117,23.766671,23.766671,22.049493,22.049493,14.972019,14.972019,13.026918,0,54.179051,54.179051,54.179051,54.179052,54.179051,54.179051,54.179051,54.179051,54.179052,54.179052,54.179052,54.179052,54.179053,54.179052,54.179052,54.179052,54.179052,54.179052,54.179052,54.179052,54.179052,54.179052,54.179052,54.179053,54.179053,54.179053,54.179053,54.179053,54.179053,54.179053,54.179054,54.179054,54.179054,96.273626,96.273625,96.273625,96.273625,96.273626,96.273626,96.273626,96.273626,96.273625,96.273625,96.273625,96.273626,96.273626,96.273626,96.273626,96.273626,96.273626,96.273626,96.273626,96.273626,96.273626,96.273626,96.273626,96.273626,96.273627,96.273627,96.273627,96.273626,96.273626,96.273626,96.273626,96.273627
122.000001,122.000001,122.000001,122.000001,122.000001,122.000001,122.000001,122.000001,122.000001,122.000001,122.000001,122.000001,122.000001,122.000001,122.000001,122.000001,122.000001,122.000001,122.000001,122,122,83.807052,54.17905,54.17905,54.17905,54.17905,54.17905,54.17905,54.17905,54.179051,54.179051,0,43.359176,43.359176,43.359177,43.359176,43.359176,43.359176,46.30858,46.308581,46.308581,46.308581,46.308581,46.308582,46.308581,46.308581,46.308581,46.308581,46.308581,46.308581,46.308581,46.308581,46.308581,46.308581,46.308582,46.308582,46.308582,46.308582,46.308582,46.308582,46.308582,46.308583,46.308583,46.308583,96.273625,96.273624,96.273624,96.273624,96.273625,96.273625,96.273625,96.273625,96.273624,96.273624,96.273624,96.273625,96.273625,96.273625,96.273625,96.273625,96.273625,96.273625,96.273625,96.273625,96.273625,96.273625,96.273625,96.273625,96.273626,96.273626,96.273626,96.273625,96.273625,96.273625,96.273625,96.273626
122.000001,122.000001,122.000001,122.000001,122.000001,122.000001,122.000001,122.000001,122.000001,122.000001,122.000001,122.000001,122.000001,122.000001,122.000001,122.000001,122.000001,122.000001,122.000001,122,122,83.807052,54.17905,54.17905,54.17905,54.17905,54.17905,54.17905,54.17905,54.179051,54.179051,43.359176,0,9.805734,39.771773,39.771772,39.771772,39.771772,46.30858,46.308581,46.308581,46.308581,46.308581,46.308582,46.308581,46.308581,46.308581,46.308581,46.308581,46.308581,46.308581,46.308581,46.308581,46.308581,46.308582,46.308582,46.308582,46.308582,46.308582,46.308582,46.308582,46.308583,46.308583,46.308583,96.273625,96.273624,96.273624,96.273624,96.273625,96.273625,96.273625,96.273625,96.273624,96.273624,96.273624,96.273625,96.273625,96.273625,96.273625,96.273625,96.273625,96.273625,96.273625,96.273625,96.273625,96.273625,96.273625,96.273625,96.273626,96.273626,96.273626,96.273625,96.273625,96.273625,96.273625,96.273626
122.000001,122.000001,122.000001,122.000001,122.000001,122.000001,122.000001,122.000001,122.000001,122.000001,122.000001,122.000001,122.000001,122.000001,122.000001,122.000001,122.000001,122.000001,122.000001,122,122,83.807052,54.17905,54.17905,54.17905,54.17905,54.17905,54.17905,54.17905,54.179051,54.179051,43.359176,9.805734,0,39.771773,39.771772,39.771772,39.771772,46.30858,46.308581,46.308581,46.308581,46.308581,46.308582,46.308581,46.308581,46.308581,46.308581,46.308581,46.308581,46.308581,46.308581,46.308581,46.308581,46.308582,46.308582,46.308582,46.308582,46.308582,46.308582,46.308582,46.308583,46.308583,46.308583,96.273625,96.273624,96.273624,96.273624,96.273625,96.273625,96.273625,96.273625,96.273624,96.273624,96.273624,96.273625,96.273625,96.273625,96.273625,96.273625,96.273625,96.273625,96.273625,96.273625,96.273625,96.273625,96.273625,96.273625,96.273626,96.273626,96.273626,96.273625,96.273625,96.273625,96.273625,96.273626
122.000002,122.000002,122.000002,122.000002,122.000002,122.000002,122.000002,122.000002,122.000002,122.000002,122.000002,122.000002,122.000002,122.000002,122.000002,122.000002,122.000002,122.000002,122.000002,122.000001,122.000001,83.807053,54.179051,54.179051,54.179051,54.179051,54.179051,54.179051,54.179051,54.179052,54.179052,43.359177,39.771773,39.771773,0,31.636883,31.636883,31.636883,46.308581,46.308582,46.308582,46.308582,46.308582,46.308583,46.308582,46.308582,46.308582,46.308582,46.308582,46.308582,46.308582,46.308582,46.308582,46.308582,46.308583,46.308583,46.308583,46.308583,46.308583,46.308583,46.308583,46.308584,46.308584,46.308584,96.273626,96.273625,96.273625,96.273625,96.273626,96.273626,96.273626,96.273626,96.273625,96.273625,96.273625,96.273626,96.273626,96.273626,96.273626,96.273626,96.273626,96.273626,96.273626,96.273626,96.273626,96.273626,96.273626,96.273626,96.273627,96.273627,96.273627,96.273626,96.273626,96.273626,96.273626,96.273627
122.000001,122.000001,122.000001,122.000001,122.000001,122.000001,122.000001,122.000001,122.000001,122.000001,122.000001,122.000001,122.000001,122.000001,122.000001,122.000001,122.000001,122.000001,122.000001,122,122,83.807052,54.17905,54.17905,54.17905,54.17905,54.17905,54.17905,54.17905,54.179051,54.179051,43.359176,39.771772,39.771772,31.636883,0,21.001834,21.001834,46.30858,46.308581,46.308581,46.308581,46.308581,46.308582,46.308581,46.308581,46.308581,46.308581,46.308581,46.308581,46.308581,46.308581,46.308581,46.308581,46.308582,46.308582,46.308582,46.308582,46.308582,46.308582,46.308582,46.308583,46.308583,46.308583,96.273625,96.273624,96.273624,96.273624,96.273625,96.273625,96.273625,96.273625,96.273624,96.273624,96.273624,96.273625,96.273625,96.273625,96.273625,96.273625,96.273625,96.273625,96.273625,96.273625,96.273625,96.273625,96.273625,96.273625,96.273626,96.273626,96.273626,96.273625,96.273625,96.273625,96.273625,96.273626
122.000001,122.000001,122.000001,122.000001,122.000001,122.000001,122.000001,122.000001,122.000001,122.000001,122.000001,122.000001,122.000001,122.000001,122.000001,122.000001,122.000001,122.000001,122.000001,122,122,83.807052,54.17905,54.17905,54.17905,54.17905,54.17905,54.17905,54.17905,54.179051,54.179051,43.359176,39.771772,39.771772,31.636883,21.001834,0,17.25981,46.30858,46.308581,46.308581,46.308581,46.308581,46.308582,46.308581,46.308581,46.308581,46.308581,46.308581,46.308581,46.308581,46.308581,46.308581,46.308581,46.308582,46.308582,46.308582,46.308582,46.308582,46.308582,46.308582,46.308583,46.308583,46.308583,96.273625,96.273624,96.273624,96.273624,96.273625,96.273625,96.273625,96.273625,96.273624,96.273624,96.273624,96.273625,96.273625,96.273625,96.273625,96.273625,96.273625,96.273625,96.273625,96.273625,96.273625,96.273625,96.273625,96.273625,96.273626,96.273626,96.273626,96.273625,96.273625,96.273625,96.273625,96.273626
122.000001,122.000001,122.000001,122.000001,122.000001,122.000001,122.000001,122.000001,122.000001,122.000001,122.000001,122.000001,122.000001,122.000001,122.000001,122.000001,122.000001,122.000001,122.000001,122,122,83.807052,54.17905,54.17905,54.17905,54.17905,54.17905,54.17905,54.17905,54.179051,54.179051,43.359176,39.771772,39.771772,31.636883,21.001834,17.25981,0,46.30858,46.308581,46.308581,46.308581,46.308581,46.308582,46.308581,46.308581,46.308581,46.308581,46.308581,46.308581,46.308581,46.308581,46.308581,46.308581,46.308582,46.308582,46.308582,46.308582,46.308582,46.308582,46.308582,46.308583,46.308583,46.308583,96.273625,96.273624,96.273624,96.273624,96.273625,96.273625,96.273625,96.273625,96.273624,96.273624,96.273624,96.273625,96.273625,96.273625,96.273625,96.273625,96.273625,96.273625,96.273625,96.273625,96.273625,96.273625,96.273625,96.273625,96.273626,96.273626,96.273626,96.273625,96.273625,96.273625,96.273625,96.273626
122.000001,122.000001,122.000001,122.000001,122.000001,122.000001,122.000001,122.000001,122.000001,122.000001,122.000001,122.000001,122.000001,122.000001,122.000001,122.000001,122.000001,122.000001,122.000001,122,122,83.807052,54.17905,54.17905,54.17905,54.17905,54.17905,54.17905,54.17905,54.179051,54.179051,46.30858,46.30858,46.30858,46.308581,46.30858,46.30858,46.30858,0,31.188111,31.188111,31.188111,31.188111,31.188112,31.188111,31.188111,31.188111,31.188111,31.188111,31.188111,31.188111,31.188111,31.188111,31.188111,31.188112,31.188112,31.188112,31.188112,31.188112,31.188112,31.188112,31.188113,31.188113,31.188113,96.273625,96.273624,96.273624,96.273624,96.273625,96.273625,96.273625,96.273625,96.273624,96.273624,96.273624,96.273625,96.273625,96.273625,96.273625,96.273625,96.273625,96.273625,96.273625,96.273625,96.273625,96.273625,96.273625,96.273625,96.273626,96.273626,96.273626,96.273625,96.273625,96.273625,96.273625,96.273626
122.000002,122.000002,122.000002,122.000002,122.000002,122.000002,122.000002,122.000002,122.000002,122.000002,122.000002,122.000002,122.000002,122.000002,122.000002,122.000002,122.000002,122.000002,122.000002,122.000001,122.000001,83.807053,54.179051,54.179051,54.179051,54.179051,54.179051,54.179051,54.179051,54.179052,54.179052,46.308581,46.308581,46.308581,46.308582,46.308581,46.308581,46.308581,31.188111,0,23.30489,29.016364,29.016364,29.016365,29.016364,29.016364,29.016364,29.016364,29.016364,29.016364,29.016364,29.016364,29.016364,29.016364,29.016365,29.016365,29.016365,29.016365,29.016365,29.016365,29.016365,29.016366,29.016366,29.016366,96.273626,96.273625,96.273625,96.273625,96.273626,96.273626,96.273626,96.273626,96.273625,96.273625,96.273625,96.273626,96.273626,96.273626,96.273626,96.273626,96.273626,96.273626,96.273626,96.273626,96.273626,96.273626,96.273626,96.273626,96.273627,96.273627,96.273627,96.273626,96.273626,96.273626,96.273626,96.273627
122.000002,122.000002,122.000002,122.000002,122.000002,122.000002,122.000002,122.000002,122.000002,122.000002,122.000002,122.000002,122.000002,122.000002,122.000002,122.000002,122.000002,122.000002,122.000002,122.000001,122.000001,83.807053,54.179051,54.179051,54.179051,54.179051,54.179051,54.179051,54.179051,54.179052,54.179052,46.308581,46.308581,46.308581,46.308582,46.308581,46.308581,46.308581,31.188111,23.30489,0,29.016364,29.016364,29.016365,29.016364,29.016364,29.016364,29.016364,29.016364,29.016364,29.016364,29.016364,29.016364,29.016364,29.016365,29.016365,29.016365,29.016365,29.016365,29.016365,29.016365,29.016366,29.016366,29.016366,96.273626,96.273625,96.273625,96.273625,96.273626,96.273626,96.273626,96.273626,96.273625,96.273625,96.273625,96.273626,96.273626,96.273626,96.273626,96.273626,96.273626,96.273626,96.273626,96.273626,96.273626,96.273626,96.273626,96.273626,96.273627,96.273627,96.273627,96.273626,96.273626,96.273626,96.273626,96.273627
122.000002,122.000002,122.000002,122.000002,122.000002,122.000002,122.000002,122.000002,122.000002,122.000002,122.000002,122.000002,122.000002,122.000002,122.000002,122.000002,122.000002,122.000002,122.000002,122.000001,122.000001,83.807053,54.179051,54.179051,54.179051,54.179051,54.179051,54.179051,54.179051,54.179052,54.179052,46.308581,46.308581,46.308581,46.308582,46.308581,46.308581,46.308581,31.188111,29.016364,29.016364,0,18.636126,27.756551,27.75655,27.75655,27.75655,27.75655,27.75655,27.75655,27.75655,27.75655,27.75655,27.75655,27.756551,27.756551,27.756551,27.756551,27.756551,27.756551,27.756551,27.756552,27.756552,27.756552,96.273626,96.273625,96.273625,96.273625,96.273626,96.273626,96.273626,96.273626,96.273625,96.273625,96.273625,96.273626,96.273626,96.273626,96.273626,96.273626,96.273626,96.273626,96.273626,96.273626,96.273626,96.273626,96.273626,96.273626,96.273627,96.273627,96.273627,96.273626,96.273626,96.273626,96.273626,96.273627
122.000002,122.000002,122.000002,122.000002,122.000002,122.000002,122.000002,122.000002,122.000002,122.000002,122.000002,122.000002,122.000002,122.000002,122.000002,122.000002,122.000002,122.000002,122.000002,122.000001,122.000001,83.807053,54.179051,54.179051,54.179051,54.179051,54.179051,54.179051,54.179051,54.179052,54.179052,46.308581,46.308581,46.308581,46.308582,46.308581,46.308581,46.308581,31.188111,29.016364,29.016364,18.636126,0,27.756551,27.75655,27.75655,27.75655,27.75655,27.75655,27.75655,27.75655,27.75655,27.75655,27.75655,27.756551,27.756551,27.756551,27.756551,27.756551,27.756551,27.756551,27.756552,27.756552,27.756552,96.273626,96.273625,96.273625,96.273625,96.273626,96.273626,96.273626,96.273626,96.273625,96.273625,96.273625,96.273626,96.273626,96.273626,96.273626,96.273626,96.273626,96.273626,96.273626,96.273626,96.273626,96.273626,96.273626,96.273626,96.273627,96.273627,96.273627,96.273626,96.273626,96.273626,96.273626,96.273627
122.000003,122.000003,122.000003,122.000003,122.000003,122.000003,122.000003,122.000003,122.000003,122.000003,122.000003,122.000003,122.000003,122.000003,122.000003,122.000003,122.000003,122.000003,122.000003,122.000002,122.000002,83.807054,54.179052,54.179052,54.179052,54.179052,54.179052,54.179052,54.179052,54.179053,54.179053,46.308582,46.308582,46.308582,46.308583,46.308582,46.308582,46.308582,31.188112,29.016365,29.016365,27.756551,27.756551,0,26.932403,26.932403,26.932403,26.932403,26.932403,26.932403,26.932403,26.932403,26.932403,26.932403,26.932404,26.932404,26.932404,26.932404,26.932404,26.932404,26.932404,26.932405,26.932405,26.932405,96.273627,96.273626,96.273626,96.273626,96.273627,96.273627,96.273627,96.273627,96.273626,96.273626,96.273626,96.273627,96.273627,96.273627,96.273627,96.273627,96.273627,96.273627,96.273627,96.273627,96.273627,96.273627,96.273627,96.273627,96.273628,96.273628,96.273628,96.273627,96.273627,96.273627,96.273627,96.273628
122.000002,122.000002,122.000002,122.000002,122.000002,122.000002,122.000002,122.000002,122.000002,122.000002,122.000002,122.000002,122.000002,122.000002,122.000002,122.000002,122.000002,122.000002,122.000002,122.000001,122.000001,83.807053,54.179051,54.179051,54.179051,54.179051,54.179051,54.179051,54.179051,54.179052,54.179052,46.308581,46.308581,46.308581,46.308582,46.308581,46.308581,46.308581,31.188111,29.016364,29.016364,27.75655,27.75655,26.932403,0,10.373844,10.373844,19.03847,19.03847,19.03847,19.03847,19.03847,19.03847,19.03847,25.287311,25.287311,25.287311,25.287311,25.287311,25.287311,25.287311,25.287312,25.287312,25.287312,96.273626,96.273625,96.273625,96.273625,96.273626,96.273626,96.273626,96.273626,96.273625,96.273625,96.273625,96.273626,96.273626,96.273626,96.273626,96.273626,96.273626,96.273626,96.273626,96.273626,96.273626,96.273626,96.273626,96.273626,96.273627,96.273627,96.273627,96.273626,96.273626,96.273626,96.273626,96.273627
122.000002,122.000002,122.000002,122.000002,122.000002,122.000002,122.000002,122.000002,122.000002,122.000002,122.000002,122.000002,122.000002,122.000002,122.000002,122.000002,122.000002,122.000002,122.000002,122.000001,122.000001,83.807053,54.179051,54.179051,54.179051,54.179051,54.179051,54.179051,54.179051,54.179052,54.179052,46.308581,46.308581,46.308581,46.308582,46.308581,46.308581,46.308581,31.188111,29.016364,29.016364,27.75655,27.75655,26.932403,10.373844,0,4.914246,19.03847,19.03847,19.03847,19.03847,19.03847,19.03847,19.03847,25.287311,25.287311,25.287311,25.287311,25.287311,25.287311,25.287311,25.287312,25.287312,25.287312,96.273626,96.273625,96.273625,96.273625,96.273626,96.273626,96.273626,96.273626,96.273625,96.273625,96.273625,96.273626,96.273626,96.273626,96.273626,96.273626,96.273626,96.273626,96.273626,96.273626,96.273626,96.273626,96.273626,96.273626,96.273627,96.273627,96.273627,96.273626,96.273626,96.273626,96.273626,96.273627
122.000002,122.000002,122.000002,122.000002,122.000002,122.000002,122.000002,122.000002,122.000002,122.000002,122.000002,122.000002,122.000002,122.000002,122.000002,122.000002,122.000002,122.000002,122.000002,122.000001,122.000001,83.807053,54.179051,54.179051,54.179051,54.179051,54.179051,54.179051,54.179051,54.179052,54.179052,46.308581,46.308581,46.308581,46.308582,46.308581,46.308581,46.308581,31.188111,29.016364,29.016364,27.75655,27.75655,26.932403,10.373844,4.914246,0,19.03847,19.03847,19.03847,19.03847,19.03847,19.03847,19.03847,25.287311,25.287311,25.287311,25.287311,25.287311,25.287311,25.287311,25.287312,25.287312,25.287312,96.273626,96.273625,96.273625,96.273625,96.273626,96.273626,96.273626,96.273626,96.273625,96.273625,96.273625,96.273626,96.273626,96.273626,96.273626,96.273626,96.273626,96.273626,96.273626,96.273626,96.273626,96.273626,96.273626,96.273626,96.273627,96.273627,96.273627,96.273626,96.273626,96.273626,96.273626,96.273627
122.000002,122.000002,122.000002,122.000002,122.000002,122.000002,122.000002,122.000002,122.000002,122.000002,122.000002,122.000002,122.000002,122.000002,122.000002,122.000002,122.000002,122.000002,122.000002,122.000001,122.000001,83.807053,54.179051,54.179051,54.179051,54.179051,54.179051,54.179051,54.179051,54.179052,54.179052,46.308581,46.308581,46.308581,46.308582,46.308581,46.308581,46.308581,31.188111,29.016364,29.016364,27.75655,27.75655,26.932403,19.03847,19.03847,19.03847,0,9.971258,9.971258,10.938534,10.938534,10.938534,10.938534,25.287311,25.287311,25.287311,25.287311,25.287311,25.287311,25.287311,25.287312,25.287312,25.287312,96.273626,96.273625,96.273625,96.273625,96.273626,96.273626,96.273626,96.273626,96.273625,96.273625,96.273625,96.273626,96.273626,96.273626,96.273626,96.273626,96.273626,96.273626,96.273626,96.273626,96.273626,96.273626,96.273626,96.273626,96.273627,96.273627,96.273627,96.273626,96.273626,96.273626,96.273626,96.273627
122.000002,122.000002,122.000002,122.000002,122.000002,122.000002,122.000002,122.000002,122.000002,122.000002,122.000002,122.000002,122.000002,122.000002,122.000002,122.000002,122.000002,122.000002,122.000002,122.000001,122.000001,83.807053,54.179051,54.179051,54.179051,54.179051,54.179051,54.179051,54.179051,54.179052,54.179052,46.308581,46.308581,46.308581,46.308582,46.308581,46.308581,46.308581,31.188111,29.016364,29.016364,27.75655,27.75655,26.932403,19.03847,19.03847,19.03847,9.971258,0,8.744022,10.938534,10.938534,10.938534,10.938534,25.287311,25.287311,25.287311,25.287311,25.287311,25.287311,25.287311,25.287312,25.287312,25.287312,96.273626,96.273625,96.273625,96.273625,96.273626,96.273626,96.273626,96.273626,96.273625,96.273625,96.273625,96.273626,96.273626,96.273626,96.273626,96.273626,96.273626,96.273626,96.273626,96.273626,96.273626,96.273626,96.273626,96.273626,96.273627,96.273627,96.273627,96.273626,96.273626,96.273626,96.273626,96.273627
122.000002,122.000002,122.000002,122.000002,122.000002,122.000002,122.000002,122.000002,122.000002,122.000002,122.000002,122.000002,122.000002,122.000002,122.000002,122.000002,122.000002,122.000002,122.000002,122.000001,122.000001,83.807053,54.179051,54.179051,54.179051,54.179051,54.179051,54.179051,54.179051,54.179052,54.179052,46.308581,46.308581,46.308581,46.308582,46.308581,46.308581,46.308581,31.188111,29.016364,29.016364,27.75655,27.75655,26.932403,19.03847,19.03847,19.03847,9.971258,8.744022,0,10.938534,10.938534,10.938534,10.938534,25.287311,25.287311,25.287311,25.287311,25.287311,25.287311,25.287311,25.287312,25.287312,25.287312,96.273626,96.273625,96.273625,96.273625,96.273626,96.273626,96.273626,96.273626,96.273625,96.273625,96.273625,96.273626,96.273626,96.273626,96.273626,96.273626,96.273626,96.273626,96.273626,96.273626,96.273626,96.273626,96.273626,96.273626,96.273627,96.273627,96.273627,96.273626,96.273626,96.273626,96.273626,96.273627
122.000002,122.000002,122.000002,122.000002,122.000002,122.000002,122.000002,122.000002,122.000002,122.000002,122.000002,122.000002,122.000002,122.000002,122.000002,122.000002,122.000002,122.000002,122.000002,122.000001,122.000001,83.807053,54.179051,54.179051,54.179051,54.179051,54.179051,54.179051,54.179051,54.179052,54.179052,46.308581,46.308581,46.308581,46.308582,46.308581,46.308581,46.308581,31.188111,29.016364,29.016364,27.75655,27.75655,26.932403,19.03847,19.03847,19.03847,10.938534,10.938534,10.938534,0,2.409652,9.112316,9.112316,25.287311,25.287311,25.287311,25.287311,25.287311,25.287311,25.287311,25.287312,25.287312,25.287312,96.273626,96.273625,96.273625,96.273625,96.273626,96.273626,96.273626,96.273626,96.273625,96.273625,96.273625,96.273626,96.273626,96.273626,96.273626,96.273626,96.273626,96.273626,96.273626,96.273626,96.273626,96.273626,96.273626,96.273626,96.273627,96.273627,96.273627,96.273626,96.273626,96.273626,96.273626,96.273627
122.000002,122.000002,122.000002,122.000002,122.000002,122.000002,122.000002,122.000002,122.000002,122.000002,122.000002,122.000002,122.000002,122.000002,122.000002,122.000002,122.000002,122.000002,122.000002,122.000001,122.000001,83.807053,54.179051,54.179051,54.179051,54.179051,54.179051,54.179051,54.179051,54.179052,54.179052,46.308581,46.308581,46.308581,46.308582,46.308581,46.308581,46.308581,31.188111,29.016364,29.016364,27.75655,27.75655,26.932403,19.03847,19.03847,19.03847,10.938534,10.938534,10.938534,2.409652,0,9.112316,9.112316,25.287311,25.287311,25.287311,25.287311,25.287311,25.287311,25.287311,25.287312,25.287312,25.287312,96.273626,96.273625,96.273625,96.273625,96.273626,96.273626,96.273626,96.273626,96.273625,96.273625,96.273625,96.273626,96.273626,96.273626,96.273626,96.273626,96.273626,96.273626,96.273626,96.273626,96.273626,96.273626,96.273626,96.273626,96.273627,96.273627,96.273627,96.273626,96.273626,96.273626,96.273626,96.273627
122.000002,122.000002,122.000002,122.000002,122.000002,122.000002,122.000002,122.000002,122.000002,122.000002,122.000002,122.000002,122.000002,122.000002,122.000002,122.000002,122.000002,122.000002,122.000002,122.000001,122.000001,83.807053,54.179051,54.179051,54.179051,54.179051,54.179051,54.179051,54.179051,54.179052,54.179052,46.308581,46.308581,46.308581,46.308582,46.308581,46.308581,46.308581,31.188111,29.016364,29.016364,27.75655,27.75655,26.932403,19.03847,19.03847,19.03847,10.938534,10.938534,10.938534,9.112316,9.112316,0,4.30676,25.287311,25.287311,25.287311,25.287311,25.287311,25.287311,25.287311,25.287312,25.287312,25.287312,96.273626,96.273625,96.273625,96.273625,96.273626,96.273626,96.273626,96.273626,96.273625,96.273625,96.273625,96.273626,96.273626,96.273626,96.273626,96.273626,96.273626,96.273626,96.273626,96.273626,96.273626,96.273626,96.273626,96.273626,96.273627,96.273627,96.273627,96.273626,96.273626,96.273626,96.273626,96.273627
122.000002,122.000002,122.000002,122.000002,122.000002,122.000002,122.000002,122.000002,122.000002,122.000002,122.000002,122.000002,122.000002,122.000002,122.000002,122.000002,122.000002,122.000002,122.000002,122.000001,122.000001,83.807053,54.179051,54.179051,54.179051,54.179051,54.179051,54.179051,54.179051,54.179052,54.179052,46.308581,46.308581,46.308581,46.308582,46.308581,46.308581,46.308581,31.188111,29.016364,29.016364,27.75655,27.75655,26.932403,19.03847,19.03847,19.03847,10.938534,10.938534,10.938534,9.112316,9.112316,4.30676,0,25.287311,25.287311,25.287311,25.287311,25.287311,25.287311,25.287311,25.287312,25.287312,25.287312,96.273626,96.273625,96.273625,96.273625,96.273626,96.273626,96.273626,96.273626,96.273625,96.273625,96.273625,96.273626,96.273626,96.273626,96.273626,96.273626,96.273626,96.273626,96.273626,96.273626,96.273626,96.273626,96.273626,96.273626,96.273627,96.273627,96.273627,96.273626,96.273626,96.273626,96.273626,96.273627
122.000003,122.000003,122.000003,122.000003,122.000003,122.000003,122.000003,122.000003,122.000003,122.000003,122.000003,122.000003,122.000003,122.000003,122.000003,122.000003,122.000003,122.000003,122.000003,122.000002,122.000002,83.807054,54.179052,54.179052,54.179052,54.179052,54.179052,54.179052,54.179052,54.179053,54.179053,46.308582,46.308582,46.308582,46.308583,46.308582,46.308582,46.308582,31.188112,29.016365,29.016365,27.756551,27.756551,26.932404,25.287311,25.287311,25.287311,25.287311,25.287311,25.287311,25.287311,25.287311,25.287311,25.287311,0,10.169682,18.366918,18.366918,18.366918,18.366918,18.366918,18.366919,18.366919,18.366919,96.273627,96.273626,96.273626,96.273626,96.273627,96.273627,96.273627,96.273627,96.273626,96.273626,96.273626,96.273627,96.273627,96.273627,96.273627,96.273627,96.273627,96.273627,96.273627,96.273627,96.273627,96.273627,96.273627,96.273627,96.273628,96.273628,96.273628,96.273627,96.273627,96.273627,96.273627,96.273628
122.000003,122.000003,122.000003,122.000003,122.000003,122.000003,122.000003,122.000003,122.000003,122.000003,122.000003,122.000003,122.000003,122.000003,122.000003,122.000003,122.000003,122.000003,122.000003,122.000002,122.000002,83.807054,54.179052,54.179052,54.179052,54.179052,54.179052,54.179052,54.179052,54.179053,54.179053,46.308582,46.308582,46.308582,46.308583,46.308582,46.308582,46.308582,31.188112,29.016365,29.016365,27.756551,27.756551,26.932404,25.287311,25.287311,25.287311,25.287311,25.287311,25.287311,25.287311,25.287311,25.287311,25.287311,10.169682,0,18.366918,18.366918,18.366918,18.366918,18.366918,18.366919,18.366919,18.366919,96.273627,96.273626,96.273626,96.273626,96.273627,96.273627,96.273627,96.273627,96.273626,96.273626,96.273626,96.273627,96.273627,96.273627,96.273627,96.273627,96.273627,96.273627,96.273627,96.273627,96.273627,96.273627,96.273627,96.273627,96.273628,96.273628,96.273628,96.273627,96.273627,96.273627,96.273627,96.273628
122.000003,122.000003,122.000003,122.000003,122.000003,122.000003,122.000003,122.000003,122.000003,122.000003,122.000003,122.000003,122.000003,122.000003,122.000003,122.000003,122.000003,122.000003,122.000003,122.000002,122.000002,83.807054,54.179052,54.179052,54.179052,54.179052,54.179052,54.179052,54.179052,54.179053,54.179053,46.308582,46.308582,46.308582,46.308583,46.308582,46.308582,46.308582,31.188112,29.016365,29.016365,27.756551,27.756551,26.932404,25.287311,25.287311,25.287311,25.287311,25.287311,25.287311,25.287311,25.287311,25.287311,25.287311,18.366918,18.366918,0,8.632354,12.04241,12.04241,12.04241,12.042411,12.042411,12.042411,96.273627,96.273626,96.273626,96.273626,96.273627,96.273627,96.273627,96.273627,96.273626,96.273626,96.273626,96.273627,96.273627,96.273627,96.273627,96.273627,96.273627,96.273627,96.273627,96.273627,96.273627,96.273627,96.273627,96.273627,96.273628,96.273628,96.273628,96.273627,96.273627,96.273627,96.273627,96.273628
122.000003,122.000003,122.000003,122.000003,122.000003,122.000003,122.000003,122.000003,122.000003,122.000003,122.000003,122.000003,122.000003,122.000003,122.000003,122.000003,122.000003,122.000003,122.000003,122.000002,122.000002,83.807054,54.179052,54.179052,54.179052,54.179052,54.179052,54.179052,54.179052,54.179053,54.179053,46.308582,46.308582,46.308582,46.308583,46.308582,46.308582,46.308582,31.188112,29.016365,29.016365,27.756551,27.756551,26.932404,25.287311,25.287311,25.287311,25.287311,25.287311,25.287311,25.287311,25.287311,25.287311,25.287311,18.366918,18.366918,8.632354,0,12.04241,12.04241,12.04241,12.042411,12.042411,12.042411,96.273627,96.273626,96.273626,96.273626,96.273627,96.273627,96.273627,96.273627,96.273626,96.273626,96.273626,96.273627,96.273627,96.273627,96.273627,96.273627,96.273627,96.273627,96.273627,96.273627,96.273627,96.273627,96.273627,96.273627,96.273628,96.273628,96.273628,96.273627,96.273627,96.273627,96.273627,96.273628
122.000003,122.000003,122.000003,122.000003,122.000003,122.000003,122.000003,122.000003,122.000003,122.000003,122.000003,122.000003,122.000003,122.000003,122.000003,122.000003,122.000003,122.000003,122.000003,122.000002,122.000002,83.807054,54.179052,54.179052,54.179052,54.179052,54.179052,54.179052,54.179052,54.179053,54.179053,46.308582,46.308582,46.308582,46.308583,46.308582,46.308582,46.308582,31.188112,29.016365,29.016365,27.756551,27.756551,26.932404,25.287311,25.287311,25.287311,25.287311,25.287311,25.287311,25.287311,25.287311,25.287311,25.287311,18.366918,18.366918,12.04241,12.04241,0,5.926874,9.18042,9.180421,9.180421,9.180421,96.273627,96.273626,96.273626,96.273626,96.273627,96.273627,96.273627,96.273627,96.273626,96.273626,96.273626,96.273627,96.273627,96.273627,96.273627,96.273627,96.273627,96.273627,96.273627,96.273627,96.273627,96.273627,96.273627,96.273627,96.273628,96.273628,96.273628,96.273627,96.273627,96.273627,96.273627,96.273628
122.000003,122.000003,122.000003,122.000003,122.000003,122.000003,122.000003,122.000003,122.000003,122.000003,122.000003,122.000003,122.000003,122.000003,122.000003,122.000003,122.000003,122.000003,122.000003,122.000002,122.000002,83.807054,54.179052,54.179052,54.179052,54.179052,54.179052,54.179052,54.179052,54.179053,54.179053,46.308582,46.308582,46.308582,46.308583,46.308582,46.308582,46.308582,31.188112,29.016365,29.016365,27.756551,27.756551,26.932404,25.287311,25.287311,25.287311,25.287311,25.287311,25.287311,25.287311,25.287311,25.287311,25.287311,18.366918,18.366918,12.04241,12.04241,5.926874,0,9.18042,9.180421,9.180421,9.180421,96.273627,96.273626,96.273626,96.273626,96.273627,96.273627,96.273627,96.273627,96.273626,96.273626,96.273626,96.273627,96.273627,96.273627,96.273627,96.273627,96.273627,96.273627,96.273627,96.273627,96.273627,96.273627,96.273627,96.273627,96.273628,96.273628,96.273628,96.273627,96.273627,96.273627,96.273627,96.273628
122.000003,122.000003,122.000003,122.000003,122.000003,122.000003,122.000003,122.000003,122.000003,122.000003,122.000003,122.000003,122.000003,122.000003,122.000003,122.000003,122.000003,122.000003,122.000003,122.000002,122.000002,83.807054,54.179052,54.179052,54.179052,54.179052,54.179052,54.179052,54.179052,54.179053,54.179053,46.308582,46.308582,46.308582,46.308583,46.308582,46.308582,46.308582,31.188112,29.016365,29.016365,27.756551,27.756551,26.932404,25.287311,25.287311,25.287311,25.287311,25.287311,25.287311,25.287311,25.287311,25.287311,25.287311,18.366918,18.366918,12.04241,12.04241,9.18042,9.18042,0,6.378537,6.378537,6.378537,96.273627,96.273626,96.273626,96.273626,96.273627,96.273627,96.273627,96.273627,96.273626,96.273626,96.273626,96.273627,96.273627,96.273627,96.273627,96.273627,96.273627,96.273627,96.273627,96.273627,96.273627,96.273627,96.273627,96.273627,96.273628,96.273628,96.273628,96.273627,96.273627,96.273627,96.273627,96.273628
122.000004,122.000004,122.000004,122.000004,122.000004,122.000004,122.000004,122.000004,122.000004,122.000004,122.000004,122.000004,122.000004,122.000004,122.000004,122.000004,122.000004,122.000004,122.000004,122.000003,122.000003,83.807055,54.179053,54.179053,54.179053,54.179053,54.179053,54.179053,54.179053,54.179054,54.179054,46.308583,46.308583,46.308583,46.308584,46.308583,46.308583,46.308583,31.188113,29.016366,29.016366,27.756552,27.756552,26.932405,25.287312,25.287312,25.287312,25.287312,25.287312,25.287312,25.287312,25.287312,25.287312,25.287312,18.366919,18.366919,12.042411,12.042411,9.180421,9.180421,6.378537,0,5.57231,5.57231,96.273628,96.273627,96.273627,96.273627,96.273628,96.273628,96.273628,96.273628,96.273627,96.273627,96.273627,96.273628,96.273628,96.273628,96.273628,96.273628,96.273628,96.273628,96.273628,96.273628,96.273628,96.273628,96.273628,96.273628,96.273629,96.273629,96.273629,96.273628,96.273628,96.273628,96.273628,96.273629
122.000004,122.000004,122.000004,122.000004,122.000004,122.000004,122.000004,122.000004,122.000004,122.000004,122.000004,122.000004,122.000004,122.000004,122.000004,122.000004,122.000004,122.000004,122.000004,122.000003,122.000003,83.807055,54.179053,54.179053,54.179053,54.179053,54.179053,54.179053,54.179053,54.179054,54.179054,46.308583,46.308583,46.308583,46.308584,46.308583,46.308583,46.308583,31.188113,29.016366,29.016366,27.756552,27.756552,26.932405,25.287312,25.287312,25.287312,25.287312,25.287312,25.287312,25.287312,25.287312,25.287312,25.287312,18.366919,18.366919,12.042411,12.042411,9.180421,9.180421,6.378537,5.57231,0,4.008524,96.273628,96.273627,96.273627,96.273627,96.273628,96.273628,96.273628,96.273628,96.273627,96.273627,96.273627,96.273628,96.273628,96.273628,96.273628,96.273628,96.273628,96.273628,96.273628,96.273628,96.273628,96.273628,96.273628,96.273628,96.273629,96.273629,96.273629,96.273628,96.273628,96.273628,96.273628,96.273629
122.000004,122.000004,122.000004,122.000004,122.000004,122.000004,122.000004,122.000004,122.000004,122.000004,122.000004,122.000004,122.000004,122.000004,122.000004,122.000004,122.000004,122.000004,122.000004,122.000003,122.000003,83.807055,54.179053,54.179053,54.179053,54.179053,54.179053,54.179053,54.179053,54.179054,54.179054,46.308583,46.308583,46.308583,46.308584,46.308583,46.308583,46.308583,31.188113,29.016366,29.016366,27.756552,27.756552,26.932405,25.287312,25.287312,25.287312,25.287312,25.287312,25.287312,25.287312,25.287312,25.287312,25.287312,18.366919,18.366919,12.042411,12.042411,9.180421,9.180421,6.378537,5.57231,4.008524,0,96.273628,96.273627,96.273627,96.273627,96.273628,96.273628,96.273628,96.273628,96.273627,96.273627,96.273627,96.273628,96.273628,96.273628,96.273628,96.273628,96.273628,96.273628,96.273628,96.273628,96.273628,96.273628,96.273628,96.273628,96.273629,96.273629,96.273629,96.273628,96.273628,96.273628,96.273628,96.273629
122,122,122,122,122,122,122,122,122,122,122,122,122,122,122,122,122,122,122,121.999999,121.999999,96.273625,96.273625,96.273625,96.273625,96.273625,96.273625,96.273625,96.273625,96.273626,96.273626,96.273625,96.273625,96.273625,96.273626,96.273625,96.273625,96.273625,96.273625,96.273626,96.273626,96.273626,96.273626,96.273627,96.273626,96.273626,96.273626,96.273626,96.273626,96.273626,96.273626,96.273626,96.273626,96.273626,96.273627,96.273627,96.273627,96.273627,96.273627,96.273627,96.273627,96.273628,96.273628,96.273628,0,89.469563,89.469563,89.469563,89.469564,89.469564,89.469564,89.469564,89.469563,89.469563,89.469563,89.469564,89.469564,89.469564,89.469564,89.469564,89.469564,89.469564,89.469564,89.469564,89.469564,89.469564,89.469564,89.469564,89.469565,89.469565,89.469565,89.469564,89.469564,89.469564,89.469564,89.469565
121.999999,121.999999,121.999999,121.999999,121.999999,121.999999,121.999999,121.999999,121.999999,121.999999,121.999999,121.999999,121.999999,121.999999,121.999999,121.999999,121.999999,121.999999,121.999999,121.999998,121.999998,96.273624,96.273624,96.273624,96.273624,96.273624,96.273624,96.273624,96.273624,96.273625,96.273625,96.273624,96.273624,96.273624,96.273625,96.273624,96.273624,96.273624,96.273624,96.273625,96.273625,96.273625,96.273625,96.273626,96.273625,96.273625,96.273625,96.273625,96.273625,96.273625,96.273625,96.273625,96.273625,96.273625,96.273626,96.273626,96.273626,96.273626,96.273626,96.273626,96.273626,96.273627,96.273627,96.273627,89.469563,0,86.877478,86.877478,86.877479,86.877479,86.877479,86.877479,86.877478,86.877478,86.877478,86.877479,86.877479,86.877479,86.877479,86.877479,86.877479,86.877479,86.877479,86.877479,86.877479,86.877479,86.877479,86.877479,86.87748,86.87748,86.87748,86.877479,86.877479,86.877479,86.877479,86.87748
121.999999,121.999999,121.999999,121.999999,121.999999,121.999999,121.999999,121.999999,121.999999,121.999999,121.999999,121.999999,121.999999,121.999999,121.999999,121.999999,121.999999,121.999999,121.999999,121.999998,121.999998,96.273624,96.273624,96.273624,96.273624,96.273624,96.273624,96.273624,96.273624,96.273625,96.273625,96.273624,96.273624,96.273624,96.273625,96.273624,96.273624,96.273624,96.273624,96.273625,96.273625,96.273625,96.273625,96.273626,96.273625,96.273625,96.273625,96.273625,96.273625,96.273625,96.273625,96.273625,96.273625,96.273625,96.273626,96.273626,96.273626,96.273626,96.273626,96.273626,96.273626,96.273627,96.273627,96.273627,89.469563,86.877478,0,60.705594,83.680665,83.680665,83.680665,83.680665,83.680664,83.680664,83.680664,83.680665,83.680665,83.680665,83.680665,83.680665,83.680665,83.680665,83.680665,83.680665,83.680665,83.680665,83.680665,83.680665,83.680666,83.680666,83.680666,83.680665,83.680665,83.680665,83.680665,83.680666
121.999999,121.999999,121.999999,121.999999,121.999999,121.999999,121.999999,121.999999,121.999999,121.999999,121.999999,121.999999,121.999999,121.999999,121.999999,121.999999,121.999999,121.999999,121.999999,121.999998,121.999998,96.273624,96.273624,96.273624,96.273624,96.273624,96.273624,96.273624,96.273624,96.273625,96.273625,96.273624,96.273624,96.273624,96.273625,96.273624,96.273624,96.273624,96.273624,96.273625,96.273625,96.273625,96.273625,96.273626,96.273625,96.273625,96.273625,96.273625,96.273625,96.273625,96.273625,96.273625,96.273625,96.273625,96.273626,96.273626,96.273626,96.273626,96.273626,96.273626,96.273626,96.273627,96.273627,96.273627,89.469563,86.877478,60.705594,0,83.680665,83.680665,83.680665,83.680665,83.680664,83.680664,83.680664,83.680665,83.680665,83.680665,83.680665,83.680665,83.680665,83.680665,83.680665,83.680665,83.680665,83.680665,83.680665,83.680665,83.680666,83.680666,83.680666,83.680665,83.680665,83.680665,83.680665,83.680666
122,122,122,122,122,122,122,122,122,122,122,122,122,122,122,122,122,122,122,121.999999,121.999999,96.273625,96.273625,96.273625,96.273625,96.273625,96.273625,96.273625,96.273625,96.273626,96.273626,96.273625,96.273625,96.273625,96.273626,96.273625,96.273625,96.273625,96.273625,96.273626,96.273626,96.273626,96.273626,96.273627,96.273626,96.273626,96.273626,96.273626,96.273626,96.273626,96.273626,96.273626,96.273626,96.273626,96.273627,96.273627,96.273627,96.273627,96.273627,96.273627,96.273627,96.273628,96.273628,96.273628,89.469564,86.877479,83.680665,83.680665,0,73.811518,73.811518,73.811518,73.811517,73.811517,73.811517,73.811518,73.811518,73.811518,73.811518,73.811518,73.811518,73.811518,73.811518,73.811518,73.811518,73.811518,73.811518,73.811518,73.811519,73.811519,73.811519,73.811518,73.811518,73.811518,73.811518,73.811519
122,122,122,122,122,122,122,122,122,122,122,122,122,122,122,122,122,122,122,121.999999,121.999999,96.273625,96.273625,96.273625,96.273625,96.273625,96.273625,96.273625,96.273625,96.273626,96.273626,96.273625,96.273625,96.273625,96.273626,96.273625,96.273625,96.273625,96.273625,96.273626,96.273626,96.273626,96.273626,96.273627,96.273626,96.273626,96.273626,96.273626,96.273626,96.273626,96.273626,96.273626,96.273626,96.273626,96.273627,96.273627,96.273627,96.273627,96.273627,96.273627,96.273627,96.273628,96.273628,96.273628,89.469564,86.877479,83.680665,83.680665,73.811518,0,14.43047,55.928484,55.928483,55.928483,55.928483,55.928484,55.928484,55.928484,55.928484,55.928484,55.928484,55.928484,55.928484,55.928484,55.928484,55.928484,55.928484,55.928484,55.928485,55.928485,55.928485,55.928484,55.928484,55.928484,55.928484,55.928485
122,122,122,122,122,122,122,122,122,122,122,122,122,122,122,122,122,122,122,121.999999,121.999999,96.273625,96.273625,96.273625,96.273625,96.273625,96.273625,96.273625,96.273625,96.273626,96.273626,96.273625,96.273625,96.273625,96.273626,96.273625,96.273625,96.273625,96.273625,96.273626,96.273626,96.273626,96.273626,96.273627,96.273626,96.273626,96.273626,96.273626,96.273626,96.273626,96.273626,96.273626,96.273626,96.273626,96.273627,96.273627,96.273627,96.273627,96.273627,96.273627,96.273627,96.273628,96.273628,96.273628,89.469564,86.877479,83.680665,83.680665,73.811518,14.43047,0,55.928484,55.928483,55.928483,55.928483,55.928484,55.928484,55.928484,55.928484,55.928484,55.928484,55.928484,55.928484,55.928484,55.928484,55.928484,55.928484,55.928484,55.928485,55.928485,55.928485,55.928484,55.928484,55.928484,55.928484,55.928485
122,122,122,122,122,122,122,122,122,122,122,122,122,122,122,122,122,122,122,121.999999,121.999999,96.273625,96.273625,96.273625,96.273625,96.273625,96.273625,96.273625,96.273625,96.273626,96.273626,96.273625,96.273625,96.273625,96.273626,96.273625,96.273625,96.273625,96.273625,96.273626,96.273626,96.273626,96.273626,96.273627,96.273626,96.273626,96.273626,96.273626,96.273626,96.273626,96.273626,96.273626,96.273626,96.273626,96.273627,96.273627,96.273627,96.273627,96.273627,96.273627,96.273627,96.273628,96.273628,96.273628,89.469564,86.877479,83.680665,83.680665,73.811518,55.928484,55.928484,0,39.773055,39.773055,39.773055,39.773056,39.773056,39.773056,39.773056,39.773056,39.773056,39.773056,39.773056,39.773056,39.773056,39.773056,39.773056,39.773056,39.773057,39.773057,39.773057,39.773056,39.773056,39.773056,39.773056,39.773057
121.999999,121.999999,121.999999,121.999999,121.999999,121.999999,121.999999,121.999999,121.999999,121.999999,121.999999,121.999999,121.999999,121.999999,121.999999,121.999999,121.999999,121.999999,121.999999,121.999998,121.999998,96.273624,96.273624,96.273624,96.273624,96.273624,96.273624,96.273624,96.273624,96.273625,96.273625,96.273624,96.273624,96.273624,96.273625,96.273624,96.273624,96.273624,96.273624,96.273625,96.273625,96.273625,96.273625,96.273626,96.273625,96.273625,96.273625,96.273625,96.273625,96.273625,96.273625,96.273625,96.273625,96.273625,96.273626,96.273626,96.273626,96.273626,96.273626,96.273626,96.273626,96.273627,96.273627,96.273627,89.469563,86.877478,83.680664,83.680664,73.811517,55.928483,55.928483,39.773055,0,32.397454,32.397454,36.424581,36.424581,36.424581,36.424581,36.424581,36.424581,36.424581,36.424581,36.424581,36.424581,36.424581,36.424581,36.424581,36.424582,36.424582,36.424582,36.424581,36.424581,36.424581,36.424581,36.424582
121.999999,121.999999,121.999999,121.999999,121.999999,121.999999,121.999999,121.999999,121.999999,121.999999,121.999999,121.999999,121.999999,121.999999,121.999999,121.999999,121.999999,121.999999,121.999999,121.999998,121.999998,96.273624,96.273624,96.273624,96.273624,96.273624,96.273624,96.273624,96.273624,96.273625,96.273625,96.273624,96.273624,96.273624,96.273625,96.273624,96.273624,96.273624,96.273624,96.273625,96.273625,96.273625,96.273625,96.273626,96.273625,96.273625,96.273625,96.273625,96.273625,96.273625,96.273625,96.273625,96.273625,96.273625,96.273626,96.273626,96.273626,96.273626,96.273626,96.273626,96.273626,96.273627,96.273627,96.273627,89.469563,86.877478,83.680664,83.680664,73.811517,55.928483,55.928483,39.773055,32.397454,0,25.541754,36.424581,36.424581,36.424581,36.424581,36.424581,36.424581,36.424581,36.424581,36.424581,36.424581,36.424581,36.424581,36.424581,36.424582,36.424582,36.424582,36.424581,36.424581,36.424581,36.424581,36.424582
121.999999,121.999999,121.999999,121.999999,121.999999,121.999999,121.999999,121.999999,121.999999,121.999999,121.999999,121.999999,121.999999,121.999999,121.999999,121.999999,121.999999,121.999999,121.999999,121.999998,121.999998,96.273624,96.273624,96.273624,96.273624,96.273624,96.273624,96.273624,96.273624,96.273625,96.273625,96.273624,96.273624,96.273624,96.273625,96.273624,96.273624,96.273624,96.273624,96.273625,96.273625,96.273625,96.273625,96.273626,96.273625,96.273625,96.273625,96.273625,96.273625,96.273625,96.273625,96.273625,96.273625,96.273625,96.273626,96.273626,96.273626,96.273626,96.273626,96.273626,96.273626,96.273627,96.273627,96.273627,89.469563,86.877478,83.680664,83.680664,73.811517,55.928483,55.928483,39.773055,32.397454,25.541754,0,36.424581,36.424581,36.424581,36.424581,36.424581,36.424581,36.424581,36.424581,36.424581,36.424581,36.424581,36.424581,36.424581,36.424582,36.424582,36.424582,36.424581,36.424581,36.424581,36.424581,36.424582
122,122,122,122,122,122,122,122,122,122,122,122,122,122,122,122,122,122,122,121.999999,121.999999,96.273625,96.273625,96.273625,96.273625,96.273625,96.273625,96.273625,96.273625,96.273626,96.273626,96.273625,96.273625,96.273625,96.273626,96.273625,96.273625,96.273625,96.273625,96.273626,96.273626,96.273626,96.273626,96.273627,96.273626,96.273626,96.273626,96.273626,96.273626,96.273626,96.273626,96.273626,96.273626,96.273626,96.273627,96.273627,96.273627,96.273627,96.273627,96.273627,96.273627,96.273628,96.273628,96.273628,89.469564,86.877479,83.680665,83.680665,73.811518,55.928484,55.928484,39.773056,36.424581,36.424581,36.424581,0,31.178652,31.178652,31.178652,31.178652,31.178652,31.178652,31.178652,31.178652,31.178652,31.178652,31.178652,31.178652,31.178653,31.178653,31.178653,31.178652,31.178652,31.178652,31.178652,31.178653
122,122,122,122,122,122,122,122,122,122,122,122,122,122,122,122,122,122,122,121.999999,121.999999,96.273625,96.273625,96.273625,96.273625,96.273625,96.273625,96.273625,96.273625,96.273626,96.273626,96.273625,96.273625,96.273625,96.273626,96.273625,96.273625,96.273625,96.273625,96.273626,96.273626,96.273626,96.273626,96.273627,96.273626,96.273626,96.273626,96.273626,96.273626,96.273626,96.273626,96.273626,96.273626,96.273626,96.273627,96.273627,96.273627,96.273627,96.273627,96.273627,96.273627,96.273628,96.273628,96.273628,89.469564,86.877479,83.680665,83.680665,73.811518,55.928484,55.928484,39.773056,36.424581,36.424581,36.424581,31.178652,0,23.889002,23.889002,23.889002,28.509248,28.509248,28.509248,28.509248,28.509248,28.509248,28.509248,28.509248,28.509249,28.509249,28.509249,28.509248,28.509248,28.509248,28.509248,28.509249
122,122,122,122,122,122,122,122,122,122,122,122,122,122,122,122,122,122,122,121.999999,121.999999,96.273625,96.273625,96.273625,96.273625,96.273625,96.273625,96.273625,96.273625,96.273626,96.273626,96.273625,96.273625,96.273625,96.273626,96.273625,96.273625,96.273625,96.273625,96.273626,96.273626,96.273626,96.273626,96.273627,96.273626,96.273626,96.273626,96.273626,96.273626,96.273626,96.273626,96.273626,96.273626,96.273626,96.273627,96.273627,96.273627,96.273627,96.273627,96.273627,96.273627,96.273628,96.273628,96.273628,89.469564,86.877479,83.680665,83.680665,73.811518,55.928484,55.928484,39.773056,36.424581,36.424581,36.424581,31.178652,23.889002,0,21.342338,21.342338,28.509248,28.509248,28.509248,28.509248,28.509248,28.509248,28.509248,28.509248,28.509249,28.509249,28.509249,28.509248,28.509248,28.509248,28.509248,28.509249
122,122,122,122,122,122,122,122,122,122,122,122,122,122,122,122,122,122,122,121.999999,121.999999,96.273625,96.273625,96.273625,96.273625,96.273625,96.273625,96.273625,96.273625,96.273626,96.273626,96.273625,96.273625,96.273625,96.273626,96.273625,96.273625,96.273625,96.273625,96.273626,96.273626,96.273626,96.273626,96.273627,96.273626,96.273626,96.273626,96.273626,96.273626,96.273626,96.273626,96.273626,96.273626,96.273626,96.273627,96.273627,96.273627,96.273627,96.273627,96.273627,96.273627,96.273628,96.273628,96.273628,89.469564,86.877479,83.680665,83.680665,73.811518,55.928484,55.928484,39.773056,36.424581,36.424581,36.424581,31.178652,23.889002,21.342338,0,12.542582,28.509248,28.509248,28.509248,28.509248,28.509248,28.509248,28.509248,28.509248,28.509249,28.509249,28.509249,28.509248,28.509248,28.509248,28.509248,28.509249
122,122,122,122,122,122,122,122,122,122,122,122,122,122,122,122,122,122,122,121.999999,121.999999,96.273625,96.273625,96.273625,96.273625,96.273625,96.273625,96.273625,96.273625,96.273626,96.273626,96.273625,96.273625,96.273625,96.273626,96.273625,96.273625,96.273625,96.273625,96.273626,96.273626,96.273626,96.273626,96.273627,96.273626,96.273626,96.273626,96.273626,96.273626,96.273626,96.273626,96.273626,96.273626,96.273626,96.273627,96.273627,96.273627,96.273627,96.273627,96.273627,96.273627,96.273628,96.273628,96.273628,89.469564,86.877479,83.680665,83.680665,73.811518,55.928484,55.928484,39.773056,36.424581,36.424581,36.424581,31.178652,23.889002,21.342338,12.542582,0,28.509248,28.509248,28.509248,28.509248,28.509248,28.509248,28.509248,28.509248,28.509249,28.509249,28.509249,28.509248,28.509248,28.509248,28.509248,28.509249
122,122,122,122,122,122,122,122,122,122,122,122,122,122,122,122,122,122,122,121.999999,121.999999,96.273625,96.273625,96.273625,96.273625,96.273625,96.273625,96.273625,96.273625,96.273626,96.273626,96.273625,96.273625,96.273625,96.273626,96.273625,96.273625,96.273625,96.273625,96.273626,96.273626,96.273626,96.273626,96.273627,96.273626,96.273626,96.273626,96.273626,96.273626,96.273626,96.273626,96.273626,96.273626,96.273626,96.273627,96.273627,96.273627,96.273627,96.273627,96.273627,96.273627,96.273628,96.273628,96.273628,89.469564,86.877479,83.680665,83.680665,73.811518,55.928484,55.928484,39.773056,36.424581,36.424581,36.424581,31.178652,28.509248,28.509248,28.509248,28.509248,0,7.665642,20.617056,20.617056,20.617056,25.930028,25.930028,25.930028,25.930029,25.930029,25.930029,25.930028,25.930028,25.930028,25.930028,25.930029
122,122,122,122,122,122,122,122,122,122,122,122,122,122,122,122,122,122,122,121.999999,121.999999,96.273625,96.273625,96.273625,96.273625,96.273625,96.273625,96.273625,96.273625,96.273626,96.273626,96.273625,96.273625,96.273625,96.273626,96.273625,96.273625,96.273625,96.273625,96.273626,96.273626,96.273626,96.273626,96.273627,96.273626,96.273626,96.273626,96.273626,96.273626,96.273626,96.273626,96.273626,96.273626,96.273626,96.273627,96.273627,96.273627,96.273627,96.273627,96.273627,96.273627,96.273628,96.273628,96.273628,89.469564,86.877479,83.680665,83.680665,73.811518,55.928484,55.928484,39.773056,36.424581,36.424581,36.424581,31.178652,28.509248,28.509248,28.509248,28.509248,7.665642,0,20.617056,20.617056,20.617056,25.930028,25.930028,25.930028,25.930029,25.930029,25.930029,25.930028,25.930028,25.930028,25.930028,25.930029
122,122,122,122,122,122,122,122,122,122,122,122,122,122,122,122,122,122,122,121.999999,121.999999,96.273625,96.273625,96.273625,96.273625,96.273625,96.273625,96.273625,96.273625,96.273626,96.273626,96.273625,96.273625,96.273625,96.273626,96.273625,96.273625,96.273625,96.273625,96.273626,96.273626,96.273626,96.273626,96.273627,96.273626,96.273626,96.273626,96.273626,96.273626,96.273626,96.273626,96.273626,96.273626,96.273626,96.273627,96.273627,96.273627,96.273627,96.273627,96.273627,96.273627,96.273628,96.273628,96.273628,89.469564,86.877479,83.680665,83.680665,73.811518,55.928484,55.928484,39.773056,36.424581,36.424581,36.424581,31.178652,28.509248,28.509248,28.509248,28.509248,20.617056,20.617056,0,17.53211,17.53211,25.930028,25.930028,25.930028,25.930029,25.930029,25.930029,25.930028,25.930028,25.930028,25.930028,25.930029
122,122,122,122,122,122,122,122,122,122,122,122,122,122,122,122,122,122,122,121.999999,121.999999,96.273625,96.273625,96.273625,96.273625,96.273625,96.273625,96.273625,96.273625,96.273626,96.273626,96.273625,96.273625,96.273625,96.273626,96.273625,96.273625,96.273625,96.273625,96.273626,96.273626,96.273626,96.273626,96.273627,96.273626,96.273626,96.273626,96.273626,96.273626,96.273626,96.273626,96.273626,96.273626,96.273626,96.273627,96.273627,96.273627,96.273627,96.273627,96.273627,96.273627,96.273628,96.273628,96.273628,89.469564,86.877479,83.680665,83.680665,73.811518,55.928484,55.928484,39.773056,36.424581,36.424581,36.424581,31.178652,28.509248,28.509248,28.509248,28.509248,20.617056,20.617056,17.53211,0,11.842448,25.930028,25.930028,25.930028,25.930029,25.930029,25.930029,25.930028,25.930028,25.930028,25.930028,25.930029
122,122,122,122,122,122,122,122,122,122,122,122,122,122,122,122,122,122,122,121.999999,121.999999,96.273625,96.273625,96.273625,96.273625,96.273625,96.273625,96.273625,96.273625,96.273626,96.273626,96.273625,96.273625,96.273625,96.273626,96.273625,96.273625,96.273625,96.273625,96.273626,96.273626,96.273626,96.273626,96.273627,96.273626,96.273626,96.273626,96.273626,96.273626,96.273626,96.273626,96.273626,96.273626,96.273626,96.273627,96.273627,96.273627,96.273627,96.273627,96.273627,96.273627,96.273628,96.273628,96.273628,89.469564,86.877479,83.680665,83.680665,73.811518,55.928484,55.928484,39.773056,36.424581,36.424581,36.424581,31.178652,28.509248,28.509248,28.509248,28.509248,20.617056,20.617056,17.53211,11.842448,0,25.930028,25.930028,25.930028,25.930029,25.930029,25.930029,25.930028,25.930028,25.930028,25.930028,25.930029
122,122,122,122,122,122,122,122,122,122,122,122,122,122,122,122,122,122,122,121.999999,121.999999,96.273625,96.273625,96.273625,96.273625,96.273625,96.273625,96.273625,96.273625,96.273626,96.273626,96.273625,96.273625,96.273625,96.273626,96.273625,96.273625,96.273625,96.273625,96.273626,96.273626,96.273626,96.273626,96.273627,96.273626,96.273626,96.273626,96.273626,96.273626,96.273626,96.273626,96.273626,96.273626,96.273626,96.273627,96.273627,96.273627,96.273627,96.273627,96.273627,96.273627,96.273628,96.273628,96.273628,89.469564,86.877479,83.680665,83.680665,73.811518,55.928484,55.928484,39.773056,36.424581,36.424581,36.424581,31.178652,28.509248,28.509248,28.509248,28.509248,25.930028,25.930028,25.930028,25.930028,25.930028,0,17.320458,17.320458,17.320459,17.320459,17.320459,22.55383,22.55383,22.55383,22.55383,22.553831
122,122,122,122,122,122,122,122,122,122,122,122,122,122,122,122,122,122,122,121.999999,121.999999,96.273625,96.273625,96.273625,96.273625,96.273625,96.273625,96.273625,96.273625,96.273626,96.273626,96.273625,96.273625,96.273625,96.273626,96.273625,96.273625,96.273625,96.273625,96.273626,96.273626,96.273626,96.273626,96.273627,96.273626,96.273626,96.273626,96.273626,96.273626,96.273626,96.273626,96.273626,96.273626,96.273626,96.273627,96.273627,96.273627,96.273627,96.273627,96.273627,96.273627,96.273628,96.273628,96.273628,89.469564,86.877479,83.680665,83.680665,73.811518,55.928484,55.928484,39.773056,36.424581,36.424581,36.424581,31.178652,28.509248,28.509248,28.509248,28.509248,25.930028,25.930028,25.930028,25.930028,25.930028,17.320458,0,4.186166,15.407667,15.407667,15.407667,22.55383,22.55383,22.55383,22.55383,22.553831
122,122,122,122,122,122,122,122,122,122,122,122,122,122,122,122,122,122,122,121.999999,121.999999,96.273625,96.273625,96.273625,96.273625,96.273625,96.273625,96.273625,96.273625,96.273626,96.273626,96.273625,96.273625,96.273625,96.273626,96.273625,96.273625,96.273625,96.273625,96.273626,96.273626,96.273626,96.273626,96.273627,96.273626,96.273626,96.273626,96.273626,96.273626,96.273626,96.273626,96.273626,96.273626,96.273626,96.273627,96.273627,96.273627,96.273627,96.273627,96.273627,96.273627,96.273628,96.273628,96.273628,89.469564,86.877479,83.680665,83.680665,73.811518,55.928484,55.928484,39.773056,36.424581,36.424581,36.424581,31.178652,28.509248,28.509248,28.509248,28.509248,25.930028,25.930028,25.930028,25.930028,25.930028,17.320458,4.186166,0,15.407667,15.407667,15.407667,22.55383,22.55383,22.55383,22.55383,22.553831
122.000001,122.000001,122.000001,122.000001,122.000001,122.000001,122.000001,122.000001,122.000001,122.000001,122.000001,122.000001,122.000001,122.000001,122.000001,122.000001,122.000001,122.000001,122.000001,122,122,96.273626,96.273626,96.273626,96.273626,96.273626,96.273626,96.273626,96.273626,96.273627,96.273627,96.273626,96.273626,96.273626,96.273627,96.273626,96.273626,96.273626,96.273626,96.273627,96.273627,96.273627,96.273627,96.273628,96.273627,96.273627,96.273627,96.273627,96.273627,96.273627,96.273627,96.273627,96.273627,96.273627,96.273628,96.273628,96.273628,96.273628,96.273628,96.273628,96.273628,96.273629,96.273629,96.273629,89.469565,86.87748,83.680666,83.680666,73.811519,55.928485,55.928485,39.773057,36.424582,36.424582,36.424582,31.178653,28.509249,28.509249,28.509249,28.509249,25.930029,25.930029,25.930029,25.930029,25.930029,17.320459,15.407667,15.407667,0,14.352152,14.352152,22.553831,22.553831,22.553831,22.553831,22.553832
122.000001,122.000001,122.000001,122.000001,122.000001,122.000001,122.000001,122.000001,122.000001,122.000001,122.000001,122.000001,122.000001,122.000001,122.000001,122.000001,122.000001,122.000001,122.000001,122,122,96.273626,96.273626,96.273626,96.273626,96.273626,96.273626,96.273626,96.273626,96.273627,96.273627,96.273626,96.273626,96.273626,96.273627,96.273626,96.273626,96.273626,96.273626,96.273627,96.273627,96.273627,96.273627,96.273628,96.273627,96.273627,96.273627,96.273627,96.273627,96.273627,96.273627,96.273627,96.273627,96.273627,96.273628,96.273628,96.273628,96.273628,96.273628,96.273628,96.273628,96.273629,96.273629,96.273629,89.469565,86.87748,83.680666,83.680666,73.811519,55.928485,55.928485,39.773057,36.424582,36.424582,36.424582,31.178653,28.509249,28.509249,28.509249,28.509249,25.930029,25.930029,25.930029,25.930029,25.930029,17.320459,15.407667,15.407667,14.352152,0,11.415354,22.553831,22.553831,22.553831,22.553831,22.553832
122.000001,122.000001,122.000001,122.000001,122.000001,122.000001,122.000001,122.000001,122.000001,122.000001,122.000001,122.000001,122.000001,122.000001,122.000001,122.000001,122.000001,122.000001,122.000001,122,122,96.273626,96.273626,96.273626,96.273626,96.273626,96.273626,96.273626,96.273626,96.273627,96.273627,96.273626,96.273626,96.273626,96.273627,96.273626,96.273626,96.273626,96.273626,96.273627,96.273627,96.273627,96.273627,96.273628,96.273627,96.273627,96.273627,96.273627,96.273627,96.273627,96.273627,96.273627,96.273627,96.273627,96.273628,96.273628,96.273628,96.273628,96.273628,96.273628,96.273628,96.273629,96.273629,96.273629,89.469565,86.87748,83.680666,83.680666,73.811519,55.928485,55.928485,39.773057,36.424582,36.424582,36.424582,31.178653,28.509249,28.509249,28.509249,28.509249,25.930029,25.930029,25.930029,25.930029,25.930029,17.320459,15.407667,15.407667,14.352152,11.415354,0,22.553831,22.553831,22.553831,22.553831,22.553832
122,122,122,122,122,122,122,122,122,122,122,122,122,122,122,122,122,122,122,121.999999,121.999999,96.273625,96.273625,96.273625,96.273625,96.273625,96.273625,96.273625,96.273625,96.273626,96.273626,96.273625,96.273625,96.273625,96.273626,96.273625,96.273625,96.273625,96.273625,96.273626,96.273626,96.273626,96.273626,96.273627,96.273626,96.273626,96.273626,96.273626,96.273626,96.273626,96.273626,96.273626,96.273626,96.273626,96.273627,96.273627,96.273627,96.273627,96.273627,96.273627,96.273627,96.273628,96.273628,96.273628,89.469564,86.877479,83.680665,83.680665,73.811518,55.928484,55.928484,39.773056,36.424581,36.424581,36.424581,31.178652,28.509248,28.509248,28.509248,28.509248,25.930028,25.930028,25.930028,25.930028,25.930028,22.55383,22.55383,22.55383,22.553831,22.553831,22.553831,0,14.712578,19.84694,19.84694,19.846941
122,122,122,122,122,122,122,122,122,122,122,122,122,122,122,122,122,122,122,121.999999,121.999999,96.273625,96.273625,96.273625,96.273625,96.273625,96.273625,96.273625,96.273625,96.273626,96.273626,96.273625,96.273625,96.273625,96.273626,96.273625,96.273625,96.273625,96.273625,96.273626,96.273626,96.273626,96.273626,96.273627,96.273626,96.273626,96.273626,96.273626,96.273626,96.273626,96.273626,96.273626,96.273626,96.273626,96.273627,96.273627,96.273627,96.273627,96.273627,96.273627,96.273627,96.273628,96.273628,96.273628,89.469564,86.877479,83.680665,83.680665,73.811518,55.928484,55.928484,39.773056,36.424581,36.424581,36.424581,31.178652,28.509248,28.509248,28.509248,28.509248,25.930028,25.930028,25.930028,25.930028,25.930028,22.55383,22.55383,22.55383,22.553831,22.553831,22.553831,14.712578,0,19.84694,19.84694,19.846941
122,122,122,122,122,122,122,122,122,122,122,122,122,122,122,122,122,122,122,121.999999,121.999999,96.273625,96.273625,96.273625,96.273625,96.273625,96.273625,96.273625,96.273625,96.273626,96.273626,96.273625,96.273625,96.273625,96.273626,96.273625,96.273625,96.273625,96.273625,96.273626,96.273626,96.273626,96.273626,96.273627,96.273626,96.273626,96.273626,96.273626,96.273626,96.273626,96.273626,96.273626,96.273626,96.273626,96.273627,96.273627,96.273627,96.273627,96.273627,96.273627,96.273627,96.273628,96.273628,96.273628,89.469564,86.877479,83.680665,83.680665,73.811518,55.928484,55.928484,39.773056,36.424581,36.424581,36.424581,31.178652,28.509248,28.509248,28.509248,28.509248,25.930028,25.930028,25.930028,25.930028,25.930028,22.55383,22.55383,22.55383,22.553831,22.553831,22.553831,19.84694,19.84694,0,11.48679,11.486791
122,122,122,122,122,122,122,122,122,122,122,122,122,122,122,122,122,122,122,121.999999,121.999999,96.273625,96.273625,96.273625,96.273625,96.273625,96.273625,96.273625,96.273625,96.273626,96.273626,96.273625,96.273625,96.273625,96.273626,96.273625,96.273625,96.273625,96.273625,96.273626,96.273626,96.273626,96.273626,96.273627,96.273626,96.273626,96.273626,96.273626,96.273626,96.273626,96.273626,96.273626,96.273626,96.273626,96.273627,96.273627,96.273627,96.273627,96.273627,96.273627,96.273627,96.273628,96.273628,96.273628,89.469564,86.877479,83.680665,83.680665,73.811518,55.928484,55.928484,39.773056,36.424581,36.424581,36.424581,31.178652,28.509248,28.509248,28.509248,28.509248,25.930028,25.930028,25.930028,25.930028,25.930028,22.55383,22.55383,22.55383,22.553831,22.553831,22.553831,19.84694,19.84694,11.48679,0,10.223099
122.000001,122.000001,122.000001,122.000001,122.000001,122.000001,122.000001,122.000001,122.000001,122.000001,122.000001,122.000001,122.000001,122.000001,122.000001,122.000001,122.000001,122.000001,122.000001,122,122,96.273626,96.273626,96.273626,96.273626,96.273626,96.273626,96.273626,96.273626,96.273627,96.273627,96.273626,96.273626,96.273626,96.273627,96.273626,96.273626,96.273626,96.273626,96.273627,96.273627,96.273627,96.273627,96.273628,96.273627,96.273627,96.273627,96.273627,96.273627,96.273627,96.273627,96.273627,96.273627,96.273627,96.273628,96.273628,96.273628,96.273628,96.273628,96.273628,96.273628,96.273629,96.273629,96.273629,89.469565,86.87748,83.680666,83.680666,73.811519,55.928485,55.928485,39.773057,36.424582,36.424582,36.424582,31.178653,28.509249,28.509249,28.509249,28.509249,25.930029,25.930029,25.930029,25.930029,25.930029,22.553831,22.553831,22.553831,22.553832,22.553832,22.553832,19.846941,19.846941,11.486791,10.223099,0
